id_main,name,anv,join,role,tracks,id,resource_url,thumbnail_url
100030,2 Tunes In A Bag,,,,,80893,https://api.discogs.com/artists/80893,
100036,Phunky Torso,,,,,80932,https://api.discogs.com/artists/80932,https://i.discogs.com/J0dhDk9ljz8zrqDNM5AYLJmbvuzCKhefrDbrazR4BwU/rs:fit/g:sm/q:90/h:226/w:170/czM6Ly9kaXNjb2dz/LWRhdGFiYXNlLWlt/YWdlcy9BLTgwOTMy/LTEyMjM1NTQ3NDUu/anBlZw.jpeg
100050,Disscode,,,,,63146,https://api.discogs.com/artists/63146,
10028704,Joe Cocker,,,,,124497,https://api.discogs.com/artists/124497,https://i.discogs.com/Hgo8e_dvSeRBKEl4DXYpUOCA8kBZqQ9iLevKVUcGhcg/rs:fit/g:sm/q:90/h:600/w:496/czM6Ly9kaXNjb2dz/LWRhdGFiYXNlLWlt/YWdlcy9BLTEyNDQ5/Ny0xNzY3MjE4MTA4/LTgxMjcuanBlZw.jpeg
10028974,Various,,,,,194,https://api.discogs.com/artists/194,
10039902,Various,,,,,194,https://api.discogs.com/artists/194,
10045492,The Originals,,,,,15877,https://api.discogs.com/artists/15877,https://i.discogs.com/h1IRjs_txG-GnqmFDEIHZcqKehtVASY3niJrXh8vBHI/rs:fit/g:sm/q:90/h:600/w:600/czM6Ly9kaXNjb2dz/LWRhdGFiYXNlLWlt/YWdlcy9BLTE1ODc3/LTE2MTcyODQ5MjEt/NzE1Mi5qcGVn.jpeg
10055810,Various,,,,,194,https://api.discogs.com/artists/194,
100654,Alma Horton,,,,,21361,https://api.discogs.com/artists/21361,https://i.discogs.com/E7SF6apSNvsKa_bjoBz7U731Ru6XwjFPH_BNVKgX9Rg/rs:fit/g:sm/q:90/h:600/w:384/czM6Ly9kaXNjb2dz/LWRhdGFiYXNlLWlt/YWdlcy9BLTIxMzYx/LTE2ODI0MzQwOTgt/NTg2Ny5wbmc.jpeg
10066421,HOME (18),,,,,4261543,https://api.discogs.com/artists/4261543,https://i.discogs.com/WKK20PCXAFqWepzfwRyV1VOdYDQ7y5PXb0ngiCm_LDU/rs:fit/g:sm/q:90/h:500/w:500/czM6Ly9kaXNjb2dz/LWRhdGFiYXNlLWlt/YWdlcy9BLTQyNjE1/NDMtMTQ2MzE1MjEz/Mi01MzIyLmpwZWc.jpeg
10082296,Fiona Prince,,,,,97088,https://api.discogs.com/artists/97088,https://i.discogs.com/ymq1RGaYbf29-yUuWY6N5m50PFBz_k-EUu4yH_Fv78A/rs:fit/g:sm/q:90/h:600/w:446/czM6Ly9kaXNjb2dz/LWRhdGFiYXNlLWlt/YWdlcy9BLTk3MDg4/LTEyNDQxNzgyNDcu/anBlZw.jpeg
100833,Sponky People,,,,,81296,https://api.discogs.com/artists/81296,
10094904,Kelly Lee Owens,,,,,3143783,https://api.discogs.com/artists/3143783,https://i.discogs.com/atC-1xroaDk5J1LMBRTirPme1CVCTxx7F6SVUnZe1ro/rs:fit/g:sm/q:90/h:600/w:445/czM6Ly9kaXNjb2dz/LWRhdGFiYXNlLWlt/YWdlcy9BLTMxNDM3/ODMtMTcyNTYxNjU2/OC0yOTMwLmpwZWc.jpeg
10097790,Various,,,,,194,https://api.discogs.com/artists/194,
1010154,Patti Austin,,,,,25284,https://api.discogs.com/artists/25284,https://i.discogs.com/TzZHZntmHrj2hcISOKuZoLTW5FL_9-tBVV2aFpgh-Rg/rs:fit/g:sm/q:90/h:600/w:518/czM6Ly9kaXNjb2dz/LWRhdGFiYXNlLWlt/YWdlcy9BLTI1Mjg0/LTE1MDQ4ODMwNDYt/MzI0OC5qcGVn.jpeg
101026,Code-14,,,,,80299,https://api.discogs.com/artists/80299,
10117670,The Sun Ra Arkestra,Sun Ra And His Astro Infinity Arkestra,,,,2219395,https://api.discogs.com/artists/2219395,https://i.discogs.com/F5yRTG8yG4aAiOhbjJIQWIoBV7RoioYnDcMrkTTazFY/rs:fit/g:sm/q:90/h:288/w:432/czM6Ly9kaXNjb2dz/LWRhdGFiYXNlLWlt/YWdlcy9BLTIyMTkz/OTUtMTMwNTk4NTA1/NC5qcGVn.jpeg
101339,Various,,,,,194,https://api.discogs.com/artists/194,
1013755,Interference (7),,,,,892192,https://api.discogs.com/artists/892192,
10144284,Mass (16),,,,,850599,https://api.discogs.com/artists/850599,https://i.discogs.com/3U8epTLwvxEOGkbmKKVYd_wLj0LeTP-hhS4R4otxV44/rs:fit/g:sm/q:90/h:327/w:600/czM6Ly9kaXNjb2dz/LWRhdGFiYXNlLWlt/YWdlcy9BLTg1MDU5/OS0xNTYzNDU0NjUx/LTM0NTYuanBlZw.jpeg
1014630,Various,,,,,194,https://api.discogs.com/artists/194,
1017133,Various,,,,,194,https://api.discogs.com/artists/194,
1019169,Erick E,Ericke,,,,9647,https://api.discogs.com/artists/9647,https://i.discogs.com/ax7mil7F6wFXmNte8hNBm3e2V9vcLojU1M5zzju33sA/rs:fit/g:sm/q:90/h:293/w:448/czM6Ly9kaXNjb2dz/LWRhdGFiYXNlLWlt/YWdlcy9BLTk2NDct/MTMyMTA5ODkzNC5q/cGVn.jpeg
10212447,Phone (4),,,,,2894139,https://api.discogs.com/artists/2894139,https://i.discogs.com/gvl0_SJe3FBV0u5UL0Vqz_MRlqf5bqu-CjFsORBQFKg/rs:fit/g:sm/q:90/h:600/w:600/czM6Ly9kaXNjb2dz/LWRhdGFiYXNlLWlt/YWdlcy9BLTI4OTQx/MzktMTQ5MzQ4NTg4/OS0yMjQ3LmpwZWc.jpeg
1021298,Felix Houzer,,,,,89843,https://api.discogs.com/artists/89843,https://i.discogs.com/yOJPrFM5zFtOL6kuYOr1HSaK92succAMpbXPNeIqXHE/rs:fit/g:sm/q:90/h:301/w:401/czM6Ly9kaXNjb2dz/LWRhdGFiYXNlLWlt/YWdlcy9BLTg5ODQz/LTEwNzY2MTQ4NTku/anBn.jpeg
10217861,Various,,,,,194,https://api.discogs.com/artists/194,
102185,Various,,,,,194,https://api.discogs.com/artists/194,
102252,Various,,,,,194,https://api.discogs.com/artists/194,
10233162,Nu Era,,,,,246,https://api.discogs.com/artists/246,https://i.discogs.com/LteISzMDrckXAKUjgNqmCklnEy86EiX24iSrs8bcd2o/rs:fit/g:sm/q:90/h:344/w:363/czM6Ly9kaXNjb2dz/LWRhdGFiYXNlLWlt/YWdlcy9BLTI0Ni0x/NzAyODk1NzYxLTcw/MzMuanBlZw.jpeg
1026849,The Sun Ra Arkestra,Sun Ra And His Astro Infinity Arkestra,,,,2219395,https://api.discogs.com/artists/2219395,https://i.discogs.com/F5yRTG8yG4aAiOhbjJIQWIoBV7RoioYnDcMrkTTazFY/rs:fit/g:sm/q:90/h:288/w:432/czM6Ly9kaXNjb2dz/LWRhdGFiYXNlLWlt/YWdlcy9BLTIyMTkz/OTUtMTMwNTk4NTA1/NC5qcGVn.jpeg
10269061,Visa (7),,,,,1786786,https://api.discogs.com/artists/1786786,
102802,Various,,,,,194,https://api.discogs.com/artists/194,
103032,Daydreemer,,,,,26438,https://api.discogs.com/artists/26438,
10325934,Various,,,,,194,https://api.discogs.com/artists/194,
10327535,Various,,,,,194,https://api.discogs.com/artists/194,
10332190,Various,,,,,194,https://api.discogs.com/artists/194,
10343749,Kerri Chandler,,,,,59,https://api.discogs.com/artists/59,https://i.discogs.com/VpK3ZOfopZVokvSVy7WycAsHLPhhvn6fXdTsqGqmZb4/rs:fit/g:sm/q:90/h:588/w:588/czM6Ly9kaXNjb2dz/LWRhdGFiYXNlLWlt/YWdlcy9BLTU5LTE0/MDU3NjkyNTQtNTk5/OS5qcGVn.jpeg
10357353,Disscode,,,,,63146,https://api.discogs.com/artists/63146,
10365073,The Rolling Stones,,,,,20991,https://api.discogs.com/artists/20991,https://i.discogs.com/SKVv6IV3G9qYXZwYk6lAao1OnVbogks50GvVk6eISqk/rs:fit/g:sm/q:90/h:600/w:521/czM6Ly9kaXNjb2dz/LWRhdGFiYXNlLWlt/YWdlcy9BLTIwOTkx/LTE2NTY5NjI2MTUt/OTA3Ny5qcGVn.jpeg
10369244,Various,,,,,194,https://api.discogs.com/artists/194,
10396063,Various,,,,,194,https://api.discogs.com/artists/194,
10396452,Niavasha,,,,,249569,https://api.discogs.com/artists/249569,
1040908,M.O.P.,,,,,50662,https://api.discogs.com/artists/50662,https://i.discogs.com/_RbCKaP0M7U1hXsm80L9W6bASMk8ji9GWcMacJ2lykY/rs:fit/g:sm/q:90/h:600/w:481/czM6Ly9kaXNjb2dz/LWRhdGFiYXNlLWlt/YWdlcy9BLTUwNjYy/LTE1NjU3MDc4NjMt/NTg5MC5qcGVn.jpeg
10414894,The Rolling Stones,,,,,20991,https://api.discogs.com/artists/20991,https://i.discogs.com/SKVv6IV3G9qYXZwYk6lAao1OnVbogks50GvVk6eISqk/rs:fit/g:sm/q:90/h:600/w:521/czM6Ly9kaXNjb2dz/LWRhdGFiYXNlLWlt/YWdlcy9BLTIwOTkx/LTE2NTY5NjI2MTUt/OTA3Ny5qcGVn.jpeg
1042422,Karmanjakan Intonarumori,,,,,383253,https://api.discogs.com/artists/383253,https://i.discogs.com/LC4s4gAZrA7yZfWQ5NBvo8uYK7gZG_Q0ht-gzDn8g0s/rs:fit/g:sm/q:90/h:375/w:269/czM6Ly9kaXNjb2dz/LWRhdGFiYXNlLWlt/YWdlcy9BLTM4MzI1/My0xMTQ3MjA0NTY2/LmpwZWc.jpeg
1043582,Various,,,,,194,https://api.discogs.com/artists/194,
1044111,Nick & Danny Chatelain,,,,,222952,https://api.discogs.com/artists/222952,https://i.discogs.com/WjvQCRIp9W5WyUkL1VxPiD5DyIdVOfAtODs1vRyPbUI/rs:fit/g:sm/q:90/h:357/w:600/czM6Ly9kaXNjb2dz/LWRhdGFiYXNlLWlt/YWdlcy9BLTIyMjk1/Mi0xNzIyODA1NjUw/LTMxMDguanBlZw.jpeg
10444779,James Lavelle,,,,,21209,https://api.discogs.com/artists/21209,https://i.discogs.com/0UDcKu0mPvCzhHdu6Yn6o0Ln6w-yie3bNXRmCYtHSko/rs:fit/g:sm/q:90/h:600/w:600/czM6Ly9kaXNjb2dz/LWRhdGFiYXNlLWlt/YWdlcy9BLTIxMjA5/LTE1NDM4MzA2MTYt/NTg3OC5qcGVn.jpeg
10444835,Various,,,,,194,https://api.discogs.com/artists/194,
10460477,Up And Down,,,,,283245,https://api.discogs.com/artists/283245,
