id_main,username,resource_url
100030,dansauk,https://api.discogs.com/users/dansauk
100030,ManuChaman,https://api.discogs.com/users/ManuChaman
100030,matt_bassline,https://api.discogs.com/users/matt_bassline
100030,VortexBoy,https://api.discogs.com/users/VortexBoy
100030,vinylman.fl,https://api.discogs.com/users/vinylman.fl
100036,dansauk,https://api.discogs.com/users/dansauk
100036,lostgroove,https://api.discogs.com/users/lostgroove
100036,cocktailmix,https://api.discogs.com/users/cocktailmix
100036,Adyton,https://api.discogs.com/users/Adyton
100036,hipnogger,https://api.discogs.com/users/hipnogger
100050,dansauk,https://api.discogs.com/users/dansauk
100050,mayday,https://api.discogs.com/users/mayday
100050,23rd_Precinct,https://api.discogs.com/users/23rd_Precinct
100050,Vinyl_Maniac,https://api.discogs.com/users/Vinyl_Maniac
100050,Aquacrash_Dj,https://api.discogs.com/users/Aquacrash_Dj
100050,CryptCorp,https://api.discogs.com/users/CryptCorp
100050,vinylmaddy,https://api.discogs.com/users/vinylmaddy
10028704,jukeboxsingle,https://api.discogs.com/users/jukeboxsingle
10028704,FolderolDeRiddle,https://api.discogs.com/users/FolderolDeRiddle
10028704,Same.Old.Me,https://api.discogs.com/users/Same.Old.Me
10028974,Dj_Sawn,https://api.discogs.com/users/Dj_Sawn
10028974,frontale,https://api.discogs.com/users/frontale
10028974,jondica,https://api.discogs.com/users/jondica
10028974,Fundare,https://api.discogs.com/users/Fundare
10028974,Mike_Rawphone,https://api.discogs.com/users/Mike_Rawphone
10039902,djkubek,https://api.discogs.com/users/djkubek
10039902,MannerHeikki,https://api.discogs.com/users/MannerHeikki
10039902,inkyface0,https://api.discogs.com/users/inkyface0
10045492,euroduo,https://api.discogs.com/users/euroduo
10045492,dazzradd,https://api.discogs.com/users/dazzradd
10045492,Chapp33.3,https://api.discogs.com/users/Chapp33.3
10045492,smoov-2000,https://api.discogs.com/users/smoov-2000
10045492,harbour,https://api.discogs.com/users/harbour
10045492,Showbiz_Kid,https://api.discogs.com/users/Showbiz_Kid
10045492,dclubok,https://api.discogs.com/users/dclubok
10045492,MarcelMaria,https://api.discogs.com/users/MarcelMaria
10055810,RetroCorner,https://api.discogs.com/users/RetroCorner
10055810,TReimer,https://api.discogs.com/users/TReimer
100654,74,https://api.discogs.com/users/74
100654,sklbns27,https://api.discogs.com/users/sklbns27
100654,RyanPayn,https://api.discogs.com/users/RyanPayn
100654,UsedNotAbused,https://api.discogs.com/users/UsedNotAbused
100654,recycledmusic.es,https://api.discogs.com/users/recycledmusic.es
100654,buchbass,https://api.discogs.com/users/buchbass
100654,sfere71,https://api.discogs.com/users/sfere71
10066421,chrstphrchvz,https://api.discogs.com/users/chrstphrchvz
10066421,Renatar,https://api.discogs.com/users/Renatar
10082296,MysterE,https://api.discogs.com/users/MysterE
10082296,Poke_Mode,https://api.discogs.com/users/Poke_Mode
10082296,PeoplesSoundRecords,https://api.discogs.com/users/PeoplesSoundRecords
100833,dansauk,https://api.discogs.com/users/dansauk
100833,Dae-su,https://api.discogs.com/users/Dae-su
100833,alderaanic77,https://api.discogs.com/users/alderaanic77
100833,ClubMixRemix,https://api.discogs.com/users/ClubMixRemix
100833,Adyton,https://api.discogs.com/users/Adyton
100833,MushroomRecords,https://api.discogs.com/users/MushroomRecords
100833,Jesus_1,https://api.discogs.com/users/Jesus_1
100833,sodaknows,https://api.discogs.com/users/sodaknows
10094904,Mauric3,https://api.discogs.com/users/Mauric3
10094904,_Beco,https://api.discogs.com/users/_Beco
10094904,_jules,https://api.discogs.com/users/_jules
10094904,dmtrptpv,https://api.discogs.com/users/dmtrptpv
10094904,F56,https://api.discogs.com/users/F56
10097790,marwit,https://api.discogs.com/users/marwit
10097790,Dr_Avalanche,https://api.discogs.com/users/Dr_Avalanche
10097790,Jefland,https://api.discogs.com/users/Jefland
10097790,Qtalos,https://api.discogs.com/users/Qtalos
10097790,THejos52,https://api.discogs.com/users/THejos52
10097790,Quatroo66,https://api.discogs.com/users/Quatroo66
10097790,ivo6,https://api.discogs.com/users/ivo6
1010154,kozmikdj,https://api.discogs.com/users/kozmikdj
1010154,data_boy,https://api.discogs.com/users/data_boy
1010154,indy133,https://api.discogs.com/users/indy133
1010154,houbi,https://api.discogs.com/users/houbi
1010154,dutchy2207,https://api.discogs.com/users/dutchy2207
1010154,KeesG,https://api.discogs.com/users/KeesG
1010154,paulcapon,https://api.discogs.com/users/paulcapon
1010154,rem66geo,https://api.discogs.com/users/rem66geo
101026,wax_junkie,https://api.discogs.com/users/wax_junkie
101026,azzurro,https://api.discogs.com/users/azzurro
101026,zuffadj,https://api.discogs.com/users/zuffadj
101026,boumboum067,https://api.discogs.com/users/boumboum067
10117670,mendahl,https://api.discogs.com/users/mendahl
10117670,Same.Old.Me,https://api.discogs.com/users/Same.Old.Me
10117670,Myriad,https://api.discogs.com/users/Myriad
10117670,eyeonbranch,https://api.discogs.com/users/eyeonbranch
10117670,Minttrebor,https://api.discogs.com/users/Minttrebor
101339,Jairinho,https://api.discogs.com/users/Jairinho
101339,DarrenCole,https://api.discogs.com/users/DarrenCole
101339,-Iainn-,https://api.discogs.com/users/-Iainn-
101339,Joseph_S,https://api.discogs.com/users/Joseph_S
101339,sjcee,https://api.discogs.com/users/sjcee
101339,steve_brown,https://api.discogs.com/users/steve_brown
101339,goemon,https://api.discogs.com/users/goemon
101339,soulvibes88,https://api.discogs.com/users/soulvibes88
101339,DiscogsUpdateBot,https://api.discogs.com/users/DiscogsUpdateBot
101339,psychicSnow,https://api.discogs.com/users/psychicSnow
1013755,datasync,https://api.discogs.com/users/datasync
1013755,double-happiness,https://api.discogs.com/users/double-happiness
10144284,glamsandi,https://api.discogs.com/users/glamsandi
10144284,french_75,https://api.discogs.com/users/french_75
1014630,NRG_Traxx,https://api.discogs.com/users/NRG_Traxx
1014630,Serano05,https://api.discogs.com/users/Serano05
1014630,Chamleon,https://api.discogs.com/users/Chamleon
1014630,mawiles,https://api.discogs.com/users/mawiles
1014630,azzurro,https://api.discogs.com/users/azzurro
1014630,MISTERAMD,https://api.discogs.com/users/MISTERAMD
1014630,DiscogsUpdateBot,https://api.discogs.com/users/DiscogsUpdateBot
1014630,Marana,https://api.discogs.com/users/Marana
1014630,frank42,https://api.discogs.com/users/frank42
1014630,Goamute,https://api.discogs.com/users/Goamute
1014630,KeefWretcheds,https://api.discogs.com/users/KeefWretcheds
1017133,alexr74,https://api.discogs.com/users/alexr74
1017133,Jooles,https://api.discogs.com/users/Jooles
1017133,bowman,https://api.discogs.com/users/bowman
1017133,crackouil,https://api.discogs.com/users/crackouil
1017133,mal4ka,https://api.discogs.com/users/mal4ka
1017133,auboisdormant,https://api.discogs.com/users/auboisdormant
1017133,zin,https://api.discogs.com/users/zin
1017133,highpower,https://api.discogs.com/users/highpower
1017133,ol2b,https://api.discogs.com/users/ol2b
1017133,funkateer45,https://api.discogs.com/users/funkateer45
1017133,Gm4Gp,https://api.discogs.com/users/Gm4Gp
1017133,gaga789,https://api.discogs.com/users/gaga789
1017133,Don_Julian,https://api.discogs.com/users/Don_Julian
1017133,boogaloo123,https://api.discogs.com/users/boogaloo123
1017133,_chris_,https://api.discogs.com/users/_chris_
1017133,DiscogsUpdateBot,https://api.discogs.com/users/DiscogsUpdateBot
1017133,QP.chan,https://api.discogs.com/users/QP.chan
1017133,RoswellAlien,https://api.discogs.com/users/RoswellAlien
1017133,sayed_effendi,https://api.discogs.com/users/sayed_effendi
1017133,lex_lilith,https://api.discogs.com/users/lex_lilith
1017133,collectme,https://api.discogs.com/users/collectme
1017133,melmo84,https://api.discogs.com/users/melmo84
1017133,undertonemedia,https://api.discogs.com/users/undertonemedia
1017133,horriblef,https://api.discogs.com/users/horriblef
1017133,GwenArBreizhou,https://api.discogs.com/users/GwenArBreizhou
1017133,Guessaye,https://api.discogs.com/users/Guessaye
1017133,adrien.kaulmann,https://api.discogs.com/users/adrien.kaulmann
1019169,Sam82,https://api.discogs.com/users/Sam82
1019169,maxxyme,https://api.discogs.com/users/maxxyme
1019169,tomazy,https://api.discogs.com/users/tomazy
1019169,azzurro,https://api.discogs.com/users/azzurro
10212447,ttoommpp,https://api.discogs.com/users/ttoommpp
10212447,andrenafulva,https://api.discogs.com/users/andrenafulva
10212447,Victor2F,https://api.discogs.com/users/Victor2F
1021298,Oncle-Franque,https://api.discogs.com/users/Oncle-Franque
1021298,mirkob,https://api.discogs.com/users/mirkob
1021298,sh0ckwaVe,https://api.discogs.com/users/sh0ckwaVe
1021298,ManuChaman,https://api.discogs.com/users/ManuChaman
1021298,mazi,https://api.discogs.com/users/mazi
1021298,moege.zuerich,https://api.discogs.com/users/moege.zuerich
1021298,disruptive-influence,https://api.discogs.com/users/disruptive-influence
10217861,eclecticarecords,https://api.discogs.com/users/eclecticarecords
10217861,Adyton,https://api.discogs.com/users/Adyton
10217861,mr_mando,https://api.discogs.com/users/mr_mando
102185,303,https://api.discogs.com/users/303
102185,Phuture,https://api.discogs.com/users/Phuture
102185,Nitch_909,https://api.discogs.com/users/Nitch_909
102185,Speedcore_junkie,https://api.discogs.com/users/Speedcore_junkie
102185,jam_weld,https://api.discogs.com/users/jam_weld
102185,BIOREKZ,https://api.discogs.com/users/BIOREKZ
102185,barttrumba,https://api.discogs.com/users/barttrumba
102185,pleh,https://api.discogs.com/users/pleh
102185,HardBass,https://api.discogs.com/users/HardBass
102185,dimouah,https://api.discogs.com/users/dimouah
102185,DiscogsUpdateBot,https://api.discogs.com/users/DiscogsUpdateBot
102185,Gabbahead,https://api.discogs.com/users/Gabbahead
102185,Joseph_S,https://api.discogs.com/users/Joseph_S
102185,-MDPoPE-,https://api.discogs.com/users/-MDPoPE-
102185,LindaLove,https://api.discogs.com/users/LindaLove
102185,timer,https://api.discogs.com/users/timer
102185,Romantus,https://api.discogs.com/users/Romantus
102185,0frg,https://api.discogs.com/users/0frg
102185,Same.Old.Me,https://api.discogs.com/users/Same.Old.Me
102185,att-som,https://api.discogs.com/users/att-som
102252,wire100,https://api.discogs.com/users/wire100
102252,sleepdisorder,https://api.discogs.com/users/sleepdisorder
102252,Robka,https://api.discogs.com/users/Robka
102252,BMCuk,https://api.discogs.com/users/BMCuk
102252,miendo,https://api.discogs.com/users/miendo
102252,PKS,https://api.discogs.com/users/PKS
102252,BlueFusion,https://api.discogs.com/users/BlueFusion
102252,elexxii,https://api.discogs.com/users/elexxii
102252,goemon,https://api.discogs.com/users/goemon
102252,floating,https://api.discogs.com/users/floating
102252,mayday,https://api.discogs.com/users/mayday
102252,BeatSensor,https://api.discogs.com/users/BeatSensor
102252,Joseph_S,https://api.discogs.com/users/Joseph_S
102252,keithmac,https://api.discogs.com/users/keithmac
102252,razors,https://api.discogs.com/users/razors
102252,nexus23,https://api.discogs.com/users/nexus23
102252,vibrasphere,https://api.discogs.com/users/vibrasphere
102252,DiscogsUpdateBot,https://api.discogs.com/users/DiscogsUpdateBot
102252,303,https://api.discogs.com/users/303
102252,chillyboy64,https://api.discogs.com/users/chillyboy64
102252,HAUNTEDTREESWITHOWLS,https://api.discogs.com/users/HAUNTEDTREESWITHOWLS
102252,rmc,https://api.discogs.com/users/rmc
102252,Gabbahead,https://api.discogs.com/users/Gabbahead
10233162,esque,https://api.discogs.com/users/esque
1026849,rad,https://api.discogs.com/users/rad
1026849,xdefenestratorx,https://api.discogs.com/users/xdefenestratorx
1026849,soundprojector,https://api.discogs.com/users/soundprojector
1026849,brianvy,https://api.discogs.com/users/brianvy
1026849,paulkrassner,https://api.discogs.com/users/paulkrassner
1026849,DiscogsUpdateBot,https://api.discogs.com/users/DiscogsUpdateBot
1026849,robatsgh,https://api.discogs.com/users/robatsgh
1026849,sundinulf,https://api.discogs.com/users/sundinulf
1026849,fearious,https://api.discogs.com/users/fearious
1026849,ulmanvlad,https://api.discogs.com/users/ulmanvlad
10269061,domicrommen,https://api.discogs.com/users/domicrommen
102802,vdweghe,https://api.discogs.com/users/vdweghe
102802,MikeVee,https://api.discogs.com/users/MikeVee
102802,sjcee,https://api.discogs.com/users/sjcee
102802,Dawai,https://api.discogs.com/users/Dawai
102802,azzurro,https://api.discogs.com/users/azzurro
102802,maxxyme,https://api.discogs.com/users/maxxyme
102802,Spankwa,https://api.discogs.com/users/Spankwa
102802,MatttZ,https://api.discogs.com/users/MatttZ
102802,hercolubus,https://api.discogs.com/users/hercolubus
102802,RoswellAlien,https://api.discogs.com/users/RoswellAlien
102802,d.r.3.3.m.p.h.a.z.e,https://api.discogs.com/users/d.r.3.3.m.p.h.a.z.e
102802,RetroCorner,https://api.discogs.com/users/RetroCorner
102802,DiscogsUpdateBot,https://api.discogs.com/users/DiscogsUpdateBot
102802,MISTERAMD,https://api.discogs.com/users/MISTERAMD
103032,dansauk,https://api.discogs.com/users/dansauk
103032,ApeAstbury,https://api.discogs.com/users/ApeAstbury
103032,Gabbahead,https://api.discogs.com/users/Gabbahead
103032,pnomikos,https://api.discogs.com/users/pnomikos
103032,CryptCorp,https://api.discogs.com/users/CryptCorp
10325934,vinylcrazy,https://api.discogs.com/users/vinylcrazy
10325934,djgurygury,https://api.discogs.com/users/djgurygury
10325934,cecco73,https://api.discogs.com/users/cecco73
10327535,rabj64,https://api.discogs.com/users/rabj64
10327535,mickov,https://api.discogs.com/users/mickov
10327535,Laurent-Bigot,https://api.discogs.com/users/Laurent-Bigot
10327535,ShaneCopen,https://api.discogs.com/users/ShaneCopen
10327535,TheGlassbee,https://api.discogs.com/users/TheGlassbee
10332190,titalist,https://api.discogs.com/users/titalist
10332190,disruptive-influence,https://api.discogs.com/users/disruptive-influence
10332190,kai81,https://api.discogs.com/users/kai81
10332190,amml,https://api.discogs.com/users/amml
10343749,facerecords,https://api.discogs.com/users/facerecords
10343749,praz,https://api.discogs.com/users/praz
10343749,goso64,https://api.discogs.com/users/goso64
10357353,CMB_Vinyl,https://api.discogs.com/users/CMB_Vinyl
10357353,Aquacrash_Dj,https://api.discogs.com/users/Aquacrash_Dj
10357353,mikeyeagle,https://api.discogs.com/users/mikeyeagle
10357353,kjmacphee,https://api.discogs.com/users/kjmacphee
10357353,vinylmaddy,https://api.discogs.com/users/vinylmaddy
10365073,ionova,https://api.discogs.com/users/ionova
10365073,valparaiso,https://api.discogs.com/users/valparaiso
10365073,Stathisan,https://api.discogs.com/users/Stathisan
10365073,PlanetClaireRecords,https://api.discogs.com/users/PlanetClaireRecords
10365073,matracas,https://api.discogs.com/users/matracas
10369244,robocady,https://api.discogs.com/users/robocady
10369244,thamover,https://api.discogs.com/users/thamover
10369244,Laurent-Bigot,https://api.discogs.com/users/Laurent-Bigot
10369244,Robert-Jousset,https://api.discogs.com/users/Robert-Jousset
10369244,SomeLikeItHot,https://api.discogs.com/users/SomeLikeItHot
10396063,ajt77,https://api.discogs.com/users/ajt77
10396063,cartologist,https://api.discogs.com/users/cartologist
10396063,kai81,https://api.discogs.com/users/kai81
10396063,glennas94,https://api.discogs.com/users/glennas94
10396452,SeRKeT,https://api.discogs.com/users/SeRKeT
1040908,vinylsatisfaction,https://api.discogs.com/users/vinylsatisfaction
1040908,dvsg,https://api.discogs.com/users/dvsg
1040908,bigbadbraun,https://api.discogs.com/users/bigbadbraun
1040908,ordep-one,https://api.discogs.com/users/ordep-one
1040908,Sam_Seed_UK,https://api.discogs.com/users/Sam_Seed_UK
1040908,Bob_Loblaw,https://api.discogs.com/users/Bob_Loblaw
1040908,shane1577,https://api.discogs.com/users/shane1577
1040908,beatsakasupreemo,https://api.discogs.com/users/beatsakasupreemo
1040908,handmedownurluv,https://api.discogs.com/users/handmedownurluv
1040908,Same.Old.Me,https://api.discogs.com/users/Same.Old.Me
1040908,sejo,https://api.discogs.com/users/sejo
1040908,AustinSimard,https://api.discogs.com/users/AustinSimard
10414894,guggil,https://api.discogs.com/users/guggil
10414894,vinyljunkie66,https://api.discogs.com/users/vinyljunkie66
10414894,hudsonia,https://api.discogs.com/users/hudsonia
10414894,echnatons,https://api.discogs.com/users/echnatons
1042422,trashritual,https://api.discogs.com/users/trashritual
1042422,Slaves_No_More,https://api.discogs.com/users/Slaves_No_More
1043582,UndergroundMusicMan,https://api.discogs.com/users/UndergroundMusicMan
1043582,zevulon,https://api.discogs.com/users/zevulon
1043582,kline,https://api.discogs.com/users/kline
1043582,Kater_Murr,https://api.discogs.com/users/Kater_Murr
1043582,BMauro,https://api.discogs.com/users/BMauro
1043582,wax_junkie,https://api.discogs.com/users/wax_junkie
1043582,DiscogsUpdateBot,https://api.discogs.com/users/DiscogsUpdateBot
1043582,sebfact,https://api.discogs.com/users/sebfact
1043582,Myriad,https://api.discogs.com/users/Myriad
1043582,andrenafulva,https://api.discogs.com/users/andrenafulva
1043582,soulvibes88,https://api.discogs.com/users/soulvibes88
1044111,BUKKKKAA,https://api.discogs.com/users/BUKKKKAA
1044111,Crop_Circlemaker,https://api.discogs.com/users/Crop_Circlemaker
1044111,TechElec,https://api.discogs.com/users/TechElec
1044111,selected-sounds,https://api.discogs.com/users/selected-sounds
1044111,DISCOS-PROXY,https://api.discogs.com/users/DISCOS-PROXY
1044111,MEGICHON,https://api.discogs.com/users/MEGICHON
10444779,Miles.Monroe,https://api.discogs.com/users/Miles.Monroe
10444779,scotty_b,https://api.discogs.com/users/scotty_b
10444779,cbstudio,https://api.discogs.com/users/cbstudio
10444779,purzelbier,https://api.discogs.com/users/purzelbier
10444779,zevulon,https://api.discogs.com/users/zevulon
10444779,miss_me_when_im_gone,https://api.discogs.com/users/miss_me_when_im_gone
10444779,josteih,https://api.discogs.com/users/josteih
10444835,vernoy,https://api.discogs.com/users/vernoy
10444835,Quotenjugendlicher,https://api.discogs.com/users/Quotenjugendlicher
10444835,KUPERR,https://api.discogs.com/users/KUPERR
10444835,ftrwhat...,https://api.discogs.com/users/ftrwhat...
10444835,drccds,https://api.discogs.com/users/drccds
10460477,konydonales,https://api.discogs.com/users/konydonales
10460477,Poke_Mode,https://api.discogs.com/users/Poke_Mode
