id_main,name,anv,join,role,tracks,id,resource_url
100030,Gary Van Den Bussche,,,"Producer, Written-By",,451748,https://api.discogs.com/artists/451748
100036,Fred Parsons,F. Parsons,,Written-By,,1154359,https://api.discogs.com/artists/1154359
100050,Gary Van Den Bussche,,,"Written-By, Producer",,451748,https://api.discogs.com/artists/451748
10028704,Allen Toussaint,,,Arranged By [Horns],"A1, B3",136135,https://api.discogs.com/artists/136135
10028704,Harrison Calloway,Harrison Calloway Jr.,,Arranged By [Horns],"A2, A5, B1, B2, B5",384184,https://api.discogs.com/artists/384184
10028704,Ann Lang,,,Backing Vocals,,659109,https://api.discogs.com/artists/659109
10028704,Clydie King,,,Backing Vocals,,258111,https://api.discogs.com/artists/258111
10028704,Mona Lisa Young,,,Backing Vocals,,146994,https://api.discogs.com/artists/146994
10028704,Johnny Lee (4),,,Design,,1210478,https://api.discogs.com/artists/1210478
10028704,Alex Sadkin,,,Engineer,,30415,https://api.discogs.com/artists/30415
10028704,Bill Gazecki,,,Engineer,,752208,https://api.discogs.com/artists/752208
10028704,Gregg Hamm,,,Engineer,,420027,https://api.discogs.com/artists/420027
10028704,Jerry Masters,,,Engineer,,322425,https://api.discogs.com/artists/322425
10028704,Skip Godwin,,,Engineer,,410996,https://api.discogs.com/artists/410996
10028704,Steve Melton,,,Engineer,,322426,https://api.discogs.com/artists/322426
10028704,Bob Gore,,,Engineer [Assistant],,1646046,https://api.discogs.com/artists/1646046
10028704,David Yates,,,Engineer [Assistant],,583051,https://api.discogs.com/artists/583051
10028704,Roberta Grace,,,Engineer [Assistant],,396987,https://api.discogs.com/artists/396987
10028704,Sheila Taylor,,,Engineer [Assistant],,733423,https://api.discogs.com/artists/733423
10028704,Michael Lang,,,Executive-Producer,,283470,https://api.discogs.com/artists/283470
10028704,Terry Dunavan,,,Mastered By,,269186,https://api.discogs.com/artists/269186
10028704,Gary Heery,,,Photography By,,2235282,https://api.discogs.com/artists/2235282
10028704,Allen Toussaint,,,"Producer, Arranged By [Strings]",,136135,https://api.discogs.com/artists/136135
10028704,Barry Beckett,Barry E. Beckett,,"Producer, Mixed By","A2, A5, B1, B2, B5",255430,https://api.discogs.com/artists/255430
10045492,Arthur Wright,Art Wright,,Arranged By,"A3, B1, B3, B4",390636,https://api.discogs.com/artists/390636
10045492,David Blumberg,,,Arranged By,"A3, B1, B3",12281,https://api.discogs.com/artists/12281
10045492,David Shields,,,Bass,"A3, B1, B3, B4",319199,https://api.discogs.com/artists/319199
10045492,Wriston Jones,,,Design,,1841080,https://api.discogs.com/artists/1841080
10045492,Ed Greene (2),,,Drums,"A3, B1, B3, B4",508304,https://api.discogs.com/artists/508304
10045492,James Gadson,,,Drums,"A3, B1, B3, B4",211643,https://api.discogs.com/artists/211643
10045492,Jack Andrews,,,Engineer [Mastering],,391829,https://api.discogs.com/artists/391829
10045492,Art Stewart,,,Engineer [Mixing],"A3, B1, B3, B4",127383,https://api.discogs.com/artists/127383
10045492,Glen Jordan,Glenn Jordan,,Engineer [Recording],"A3, B1, B3, B4",386206,https://api.discogs.com/artists/386206
10045492,Michael Schuman,Mike Shumann,,Engineer [Recording],"A3, B1, B3, B4",468899,https://api.discogs.com/artists/468899
10045492,Carl Overr,,,Graphics [Director],,1843957,https://api.discogs.com/artists/1843957
10045492,David T. Walker,,,Guitar,"A3, B1, B3, B4",211633,https://api.discogs.com/artists/211633
10045492,Ray Parker Jr.,"Ray Parker, Jr.",,Guitar,"A3, B1, B3, B4",169574,https://api.discogs.com/artists/169574
10045492,John Barnes,,,Keyboards,"A3, B1, B3, B4",293896,https://api.discogs.com/artists/293896
10045492,Michael B. Sutton,Michael Sutton,,Keyboards,"A3, B1, B3, B4",391752,https://api.discogs.com/artists/391752
10045492,Sonny Burke (2),,,Keyboards,"A3, B1, B3, B4",735144,https://api.discogs.com/artists/735144
10045492,Sylvester Rivers,,,Keyboards,"A3, B1, B3, B4",377623,https://api.discogs.com/artists/377623
10045492,Jack Ashford,,,Percussion,"A3, B1, B3, B4",377626,https://api.discogs.com/artists/377626
10045492,Ollie Brown,Oliver Brown,,Percussion,"A3, B1, B3, B4",90951,https://api.discogs.com/artists/90951
10045492,Charles William Bush,Charles Bush,,Photography By,,2239201,https://api.discogs.com/artists/2239201
10045492,Michael B. Sutton,,,Producer,"A3, B1, B3, B4",391752,https://api.discogs.com/artists/391752
10045492,Brenda Sutton,Brenda J. Sutton,,Producer [Production Assistant],,319988,https://api.discogs.com/artists/319988
10045492,Vigon Nahas Vigon,,,Typography [Lettering],,1861394,https://api.discogs.com/artists/1861394
10055810,Re:Peat,,,Design,,1866938,https://api.discogs.com/artists/1866938
10055810,Equus (2),,,Mastered By,,540823,https://api.discogs.com/artists/540823
100654,Jeff Peacock,Jeffrey Peacock,,"A&R, Executive-Producer",,506563,https://api.discogs.com/artists/506563
100654,Sweet Abraham,,,Music By,,29,https://api.discogs.com/artists/29
100654,Sweet Abraham,,,Producer,,29,https://api.discogs.com/artists/29
100654,Alma Horton,,,Words By,,21361,https://api.discogs.com/artists/21361
10066421,JohnMoProductions,,,Artwork,,4261542,https://api.discogs.com/artists/4261542
100833,SST (8),,,Lacquer Cut By,,1584729,https://api.discogs.com/artists/1584729
100833,Harry Mariani,,,"Producer, Written By","B1, B2",47315,https://api.discogs.com/artists/47315
100833,Stefan Leu,,,"Producer, Written By","A, B1",576574,https://api.discogs.com/artists/576574
100833,Tobias Wirz,Tobi Wirz,,"Producer, Written By","A, B1",452435,https://api.discogs.com/artists/452435
10094904,Kelly Lee Owens,,,DJ Mix,2-1.,3143783,https://api.discogs.com/artists/3143783
10094904,James Greenwood,,,Engineer,1-1 to 1-10,2365052,https://api.discogs.com/artists/2365052
10094904,Mandy Parnell,,,Mastered By,1-1 to 1-10,384377,https://api.discogs.com/artists/384377
10094904,David Oversby-Powell,,,Mixed By,"1-1, 1-3, 1-4, 1-6, 1-7",1701159,https://api.discogs.com/artists/1701159
10094904,James Greenwood,,,Mixed By,"1-2, 1-5,  1-8 to 1-10",2365052,https://api.discogs.com/artists/2365052
10094904,Kelly Lee Owens,,,Mixed By,"1-2, 1-9",3143783,https://api.discogs.com/artists/3143783
10094904,Kim Hiorthøy,,,"Photography By, Layout",,19822,https://api.discogs.com/artists/19822
10094904,James Greenwood,,,Producer,1-9,2365052,https://api.discogs.com/artists/2365052
10094904,Daniel Avery,,,Written-By,1-9,2519485,https://api.discogs.com/artists/2519485
10094904,James Greenwood,,,Written-By,1-9,2365052,https://api.discogs.com/artists/2365052
10094904,Jenny Hval,,,Written-By,1-3,713862,https://api.discogs.com/artists/713862
10094904,Kelly Lee Owens,,,"Written-By, Producer",1-1 to 1-10,3143783,https://api.discogs.com/artists/3143783
10097790,TFX,,,Artwork,,7273,https://api.discogs.com/artists/7273
10097790,Robert Haagsma,,,Liner Notes,,2067022,https://api.discogs.com/artists/2067022
10097790,QS Sound Lab,,,Mastered By,,1696354,https://api.discogs.com/artists/1696354
1010154,Kees Grijpink,C,,Lacquer Cut By,,371031,https://api.discogs.com/artists/371031
1010154,Quincy Jones,,,Producer,,17546,https://api.discogs.com/artists/17546
10117670,Sun Ra,,,Clavinet [Hohner],1 to 5,35328,https://api.discogs.com/artists/35328
10117670,Robert Barry (2),,,"Drums, Drum [Lightning Drum]",,835550,https://api.discogs.com/artists/835550
10117670,Roger Seibel,,,Engineer [Premastering],,377954,https://api.discogs.com/artists/377954
10117670,Michael Shore,,,Liner Notes,,2123769,https://api.discogs.com/artists/2123769
10117670,Clifford Jarvis,,,Percussion,1 to 5,256606,https://api.discogs.com/artists/256606
10117670,John Gilmore,,,Percussion,,252034,https://api.discogs.com/artists/252034
10117670,Robert Barry (2),,,Percussion,,835550,https://api.discogs.com/artists/835550
10117670,Raymond Ross,,,Photography By [Booklet Photos],,1713238,https://api.discogs.com/artists/1713238
10117670,Alton Abraham,,,Producer,,356555,https://api.discogs.com/artists/356555
10117670,Ihnfinity Inc.,,,Producer,,517142,https://api.discogs.com/artists/517142
10117670,Jerry Gordon,,,Reissue Producer,,367855,https://api.discogs.com/artists/367855
10117670,Prof. Robert Campbell,,,Research [Discographical Information],,1685041,https://api.discogs.com/artists/1685041
10117670,John Gilmore,,,Tenor Saxophone,"1, 2, 6",252034,https://api.discogs.com/artists/252034
101339,Jon Graham,,,Artwork [Mc Grafic],,2859754,https://api.discogs.com/artists/2859754
101339,Dan Donnelly,,,Compiled By,,121092,https://api.discogs.com/artists/121092
101339,Danny Breaks,,,Compiled By,,323,https://api.discogs.com/artists/323
101339,Chris Bruty,,,Design [Sleeve Design],,1841141,https://api.discogs.com/artists/1841141
1013755,S. Bird,,,"Producer, Arranged By",,631557,https://api.discogs.com/artists/631557
1017133,Emile Omar,,,Compiled By,,3283265,https://api.discogs.com/artists/3283265
1017133,Emilien Aumard,,,Compiled By,,400891,https://api.discogs.com/artists/400891
10212447,Phone (4),,,DJ Mix,,2894139,https://api.discogs.com/artists/2894139
1021298,DiePATEN.NET,,,Artwork By,,6295246,https://api.discogs.com/artists/6295246
1021298,Andreas Kauffelt,Andreas,,Mastered By [Cut],,4300,https://api.discogs.com/artists/4300
1021298,Jerome Isma-Ae,,,"Mixed By, Engineer",,25718,https://api.discogs.com/artists/25718
1021298,Felix Houzer,,,"Written-By, Arranged By, Producer",,89843,https://api.discogs.com/artists/89843
10217861,Unknown Artist,Artist Unknown,,"Artwork [Drawing ""Suspect""]",,355,https://api.discogs.com/artists/355
10217861,Andrea 'Enthal,,,Liner Notes,,2208139,https://api.discogs.com/artists/2208139
10217861,BBAT & Crew,,,Recorded By,,3362720,https://api.discogs.com/artists/3362720
10217861,Steve Barker (4),,,Recorded By,,1508399,https://api.discogs.com/artists/1508399
102185,Emiel Kamzol Jr.,Emiel Jr.,,Recorded By,,1914662,https://api.discogs.com/artists/1914662
102252,Glen Hassell,,,Compiled By,,1604295,https://api.discogs.com/artists/1604295
102252,Me Company,,,Design [Cover Design],,547352,https://api.discogs.com/artists/547352
10233162,Marc Mac,,,"Written-By, Producer, Programmed By",,374780,https://api.discogs.com/artists/374780
1026849,Danny Davis,,,Alto Saxophone,,252024,https://api.discogs.com/artists/252024
1026849,Danny Ray Thompson,Danny Thompson,,"Alto Saxophone, Flute",,252039,https://api.discogs.com/artists/252039
1026849,Marshall Allen,,,"Alto Saxophone, Oboe",,252033,https://api.discogs.com/artists/252033
1026849,Pat Patrick,,,"Baritone Saxophone, Flute",,252025,https://api.discogs.com/artists/252025
1026849,Robert Cummings,,,Bass Clarinet,,256610,https://api.discogs.com/artists/256610
1026849,James Jacson,,,Drums [Log],,263447,https://api.discogs.com/artists/263447
1026849,Carl Nimrod,,,Drums [Space],,256608,https://api.discogs.com/artists/256608
1026849,Robert Barry (2),Bob Barry,,"Drums, Drums [Lightning Drum]",,835550,https://api.discogs.com/artists/835550
1026849,Sun Ra,,,"Organ [Solar Sound], Arranged By, Composed By",,35328,https://api.discogs.com/artists/35328
1026849,Alton Abraham,,,Producer,,356555,https://api.discogs.com/artists/356555
1026849,John Gilmore,,,"Tenor Saxophone, Percussion",,252034,https://api.discogs.com/artists/252034
1026849,Ali Hassan,Ali Harsan,,Trombone,,256611,https://api.discogs.com/artists/256611
1026849,Akh Tal Ebah,Ebah,,Trumpet,,252032,https://api.discogs.com/artists/252032
1026849,Wayne Harris,,,Trumpet,,356554,https://api.discogs.com/artists/356554
10269061,Michel Krikorian,M. Krikorian,,Written-By,,1688696,https://api.discogs.com/artists/1688696
10269061,Thierry Noritop,T. Noritop,,Written-By,,819515,https://api.discogs.com/artists/819515
10343749,Jason Jasberto Batog,,,Design,,1996145,https://api.discogs.com/artists/1996145
10343749,Jeff Craven,,,Executive-Producer,,473978,https://api.discogs.com/artists/473978
10343749,Kerri Chandler,,,"Producer, Arranged By",,59,https://api.discogs.com/artists/59
10343749,Kerri Chandler,,,Written-By,B1 to D2,59,https://api.discogs.com/artists/59
10357353,Gary Van Den Bussche,,,"Written-By, Producer",,451748,https://api.discogs.com/artists/451748
1040908,Luxie Aquino,,,A&R [A&R Coordinator],,1847036,https://api.discogs.com/artists/1847036
1040908,David Bett,Dave Bett,,Art Direction,,803123,https://api.discogs.com/artists/803123
1040908,Randy Ronquillo,"Randy ""R-Do"" Ronquillo",,Design,,1939775,https://api.discogs.com/artists/1939775
1040908,Dexter Thibou,,,Engineer [Assistant],"2 to 14, 16, 17",170714,https://api.discogs.com/artists/170714
1040908,Wes Morris,,,Engineer [Assistant],"10, 16",3489772,https://api.discogs.com/artists/3489772
1040908,Eddie Sancho,,,Engineer [Mix],"2 to 14, 16, 17",168213,https://api.discogs.com/artists/168213
1040908,Dejuana Richardson,,,Engineer [Recording],"13, 16",358394,https://api.discogs.com/artists/358394
1040908,Dexter Thibou,,,Engineer [Recording],11,170714,https://api.discogs.com/artists/170714
1040908,Donovan (14),,,Engineer [Recording],12,3489771,https://api.discogs.com/artists/3489771
1040908,Eddie Sancho,,,Engineer [Recording],"7 to 9, 11, 14",168213,https://api.discogs.com/artists/168213
1040908,"Leo ""Swift"" Morris",Leo Swift Morris,,Engineer [Recording],17,175123,https://api.discogs.com/artists/175123
1040908,Winston Phillips,,,Engineer [Recording],16,3489770,https://api.discogs.com/artists/3489770
1040908,DJ Premier,,,Executive-Producer,,21151,https://api.discogs.com/artists/21151
1040908,Laze E Laze,Lazy Laze,,Executive-Producer,,178161,https://api.discogs.com/artists/178161
1040908,DJ Premier,,,Mixed By,"2 to 6, 8 to 14, 16, 17",21151,https://api.discogs.com/artists/21151
1040908,Christian Lantry,,,Photography By,,2252785,https://api.discogs.com/artists/2252785
1040908,DJ Premier,,,Producer,"2, 8, 9, 11, 14",21151,https://api.discogs.com/artists/21151
1040908,Da Beatminerz,,,Producer,7,32446,https://api.discogs.com/artists/32446
1040908,Laze E Laze,Laze E. Laze,,Producer,"3, 4, 10",178161,https://api.discogs.com/artists/178161
1040908,Laze E Laze,,,Producer,"6, 16",178161,https://api.discogs.com/artists/178161
1040908,M.O.P.,,,Producer,"5, 6, 12, 13, 17",50662,https://api.discogs.com/artists/50662
1040908,Dejuana Richardson,,,Recorded By,2 to 6,358394,https://api.discogs.com/artists/358394
1040908,"Leo ""Swift"" Morris",Leo Swift Morris,,Recorded By,10,175123,https://api.discogs.com/artists/175123
1040908,Winston Phillips,,,Recorded By,10,3489770,https://api.discogs.com/artists/3489770
10414894,Bill Wyman,,,"Bass Guitar, Synthesizer",,272814,https://api.discogs.com/artists/272814
10414894,Charlie Watts,,,Drums,,299325,https://api.discogs.com/artists/299325
10414894,Mick Taylor,,,"Guitar, Synthesizer, Congas, Bass, Vocals",,300117,https://api.discogs.com/artists/300117
10414894,Keith Richards,,,"Guitar, Vocals, Bass",,166570,https://api.discogs.com/artists/166570
10414894,The Glimmer Twins,,,Producer,,228853,https://api.discogs.com/artists/228853
10414894,Mick Jagger,,,"Vocals, Guitar",,90541,https://api.discogs.com/artists/90541
1043582,Ben Clark,,,"Concept By [Original Concept], A&R",,414391,https://api.discogs.com/artists/414391
1043582,Groove Junkies,,,DJ Mix,2-01 to 2-12,42885,https://api.discogs.com/artists/42885
1043582,Jamie Thinnes,,,DJ Mix,1-01 to 1-12,241814,https://api.discogs.com/artists/241814
1043582,Carolina Park,,,"Design, Layout",,1927547,https://api.discogs.com/artists/1927547
1043582,Dean DeCosta,,,Liner Notes,,3296,https://api.discogs.com/artists/3296
1043582,Christian Dwiggins,,,Mastered By [Mastering],,352755,https://api.discogs.com/artists/352755
1044111,Nick Chatalein & Wil Russell,,,Lyrics By,,1213680,https://api.discogs.com/artists/1213680
10444779,Oscar Wilson,,,Artwork [Screenprint],,865236,https://api.discogs.com/artists/865236
10444779,James Lavelle,,,DJ Mix,,21209,https://api.discogs.com/artists/21209
10444779,Love,,,Design,,48410,https://api.discogs.com/artists/48410
10444779,Adam Pickard,,,Engineer [Assistant],,435205,https://api.discogs.com/artists/435205
10444779,Ott,,,Engineer [Protools],,27862,https://api.discogs.com/artists/27862
10444779,David Dorrell Management,,,Management,,2133155,https://api.discogs.com/artists/2133155
10444835,Tommy Steele (2),"Tommy ""Toes-On-The-Nose"" Steele",,Art Direction,,1832112,https://api.discogs.com/artists/1832112
10444835,Wayne Watkins,"""Wave Master"" Wayne Watkins",,Compilation Producer [Compilation Supervisor],,1554591,https://api.discogs.com/artists/1554591
10444835,Kim Niemi,"Kim ""Li'l Surfer"" Niemi",,Coordinator,,1775209,https://api.discogs.com/artists/1775209
10444835,Mark Dix,"Mark ""Wipe Out"" Dix",,Coordinator,,1661587,https://api.discogs.com/artists/1661587
10444835,Murph (13),"""Murph The Surf""",,Design,,5568832,https://api.discogs.com/artists/5568832
10444835,Todd Schorr,"Todd ""Thoroughly Stoked"" Schorr",,Illustration,,724818,https://api.discogs.com/artists/724818
10444835,Kevin Reeves,"Kevin ""The Groove King"" Reeves",,Remastered By,,203586,https://api.discogs.com/artists/203586
