id_main,uri,title,description,duration,embed
100030,https://www.youtube.com/watch?v=3R77bJ0Y_Qw,Tunes In A Bag - Rockin The Best [GB 002],"Discogs: https://www.discogs.com/release/100030-2-Tunes-In-A-Bag-Battle-Of-The-Beats-Rockin-The-Best

Artist: Tunes In A Bag
Track: Rockin The Best
EP Title: Battle Of The Beats / Rockin' The Best
Label: GB Records
Catalog #: GB 002
Genre: House, A",360,1
100030,https://www.youtube.com/watch?v=NXfwqavoSgA,BILLY NO-CLIPS,"When smug Billy No-Clips appears from the digging portal holding a blind record, it means we’ve searched every corner of the internet and couldn’t find any audio online. This video can be used by any online digging platform on its release page to signify ",317,1
100036,https://www.youtube.com/watch?v=PWbHvJM5FrA,Phunky Torso - You and I,"Last one from the Ep to uncover!
Here you go
Triumph Records
Year: 93'
Phunky Torsoo",390,1
100036,https://www.youtube.com/watch?v=3M-yCcNOKKM,Phunky Torso - Innocent [TRY 16],"128 kbps

https://www.discogs.com/release/12959234-Phunky-Torso-Innocent-Desire

For copyright issues, please contact sonicmartingale@gmail.com

This channel is intended to promote artists and music only.

Where I come from there aren't any record",350,1
100036,https://www.youtube.com/watch?v=fbvG84emiSs,Phunky Torso - Desire [TRY016],https://www.discogs.com/release/12959234-Phunky-Torso-Innocent-Desire?srsltid=AfmBOoqNY08azea3AqdIEctKCGpAfhVXP4ggxK092ZiYJTZk4jTkDljK,403,1
100036,https://www.youtube.com/watch?v=PWbHvJM5FrA,Phunky Torso - You and I,"Last one from the Ep to uncover!
Here you go
Triumph Records
Year: 93'
Phunky Torsoo",390,1
100036,https://www.youtube.com/watch?v=3M-yCcNOKKM,Phunky Torso - Innocent [TRY 16],"128 kbps

https://www.discogs.com/release/12959234-Phunky-Torso-Innocent-Desire

For copyright issues, please contact sonicmartingale@gmail.com

This channel is intended to promote artists and music only.

Where I come from there aren't any record",350,1
100036,https://www.youtube.com/watch?v=fbvG84emiSs,Phunky Torso - Desire [TRY016],https://www.discogs.com/release/12959234-Phunky-Torso-Innocent-Desire?srsltid=AfmBOoqNY08azea3AqdIEctKCGpAfhVXP4ggxK092ZiYJTZk4jTkDljK,403,1
100036,https://www.youtube.com/watch?v=1ZUJo_jWx04,Phunky Torso - Power [TRY 16],"Discogs: https://www.discogs.com/release/100036-Phunky-Torso-Innocent-Desire

Artist: Phunky Torso
Track: Power
EP Title: Innocent/Desire
Label: Triumph Records
Catalog #: TRY 16
Genre: Progressive House, Techno
Year: 1993

Just here to share ou",550,1
100036,https://www.youtube.com/watch?v=3M-yCcNOKKM,Phunky Torso - Innocent [TRY 16],"128 kbps

https://www.discogs.com/release/12959234-Phunky-Torso-Innocent-Desire

For copyright issues, please contact sonicmartingale@gmail.com

This channel is intended to promote artists and music only.

Where I come from there aren't any record",350,1
100036,https://www.youtube.com/watch?v=AysUmfwfOWQ,Phunky Torso - Desire [TRIX004],"—



➤ Grab your copy: https://shorturl.at/vKEVD",255,1
100036,https://www.youtube.com/watch?v=PWbHvJM5FrA,Phunky Torso - You and I,"Last one from the Ep to uncover!
Here you go
Triumph Records
Year: 93'
Phunky Torsoo",390,1
100036,https://www.youtube.com/watch?v=1ZUJo_jWx04,Phunky Torso - Power [TRY 16],"Discogs: https://www.discogs.com/release/100036-Phunky-Torso-Innocent-Desire

Artist: Phunky Torso
Track: Power
EP Title: Innocent/Desire
Label: Triumph Records
Catalog #: TRY 16
Genre: Progressive House, Techno
Year: 1993

Just here to share ou",550,1
100050,https://www.youtube.com/watch?v=6j8kstftrbk,Disscode ‎– I Need A Man,"Disscode – I Need A Man
Label: Wizz Records – WIZZ 20
Released: 1995

Tracklist

A1  I Need A Man (Original Mix)
A2  I Need A Man (Disscode's Nu Nrg Remix)
B1  I Need A Man (Hard 2 Dance Wizz'ard Remix)
B2  Get It On - Featuring – Dr. Magic",0,1
100050,https://www.youtube.com/watch?v=HLZxTO-UiOI,Disscode - I Need A Man (Hard 2 Dance Wizz'ard Remix) [WIZZ20],"Discogs: https://www.discogs.com/release/10357353-Disscode-I-Need-A-Man

Artist: Disscode
Track: I Need A Man (Hard 2 Dance Wizz'ard Remix)
EP Title: I Need A Man
Label: Wizz Records
Catalog #: WIZZ20
Genre: Progressive House, House
Year: 1995

",425,1
100050,https://www.youtube.com/watch?v=6j8kstftrbk,Disscode ‎– I Need A Man,"Disscode – I Need A Man
Label: Wizz Records – WIZZ 20
Released: 1995

Tracklist

A1  I Need A Man (Original Mix)
A2  I Need A Man (Disscode's Nu Nrg Remix)
B1  I Need A Man (Hard 2 Dance Wizz'ard Remix)
B2  Get It On - Featuring – Dr. Magic",0,1
100050,https://www.youtube.com/watch?v=HLZxTO-UiOI,Disscode - I Need A Man (Hard 2 Dance Wizz'ard Remix) [WIZZ20],"Discogs: https://www.discogs.com/release/10357353-Disscode-I-Need-A-Man

Artist: Disscode
Track: I Need A Man (Hard 2 Dance Wizz'ard Remix)
EP Title: I Need A Man
Label: Wizz Records
Catalog #: WIZZ20
Genre: Progressive House, House
Year: 1995

",425,1
100050,https://www.youtube.com/watch?v=AUKp02VIt5M,Disscode - I Need A Man (Disscode's Nu Nrg Remix) #Revibed,"💎 Full HQ release available on Revibed: https://bit.ly/4btej86
➡️ Join today the first-ever online music store of rare digital reissues: https://bit.ly/revibed_

_______________________

Follow Revibed

🟣 Instagram: https://www.instagram.com/revibed.music",322,1
100050,https://www.youtube.com/watch?v=6j8kstftrbk,Disscode ‎– I Need A Man,"Disscode – I Need A Man
Label: Wizz Records – WIZZ 20
Released: 1995

Tracklist

A1  I Need A Man (Original Mix)
A2  I Need A Man (Disscode's Nu Nrg Remix)
B1  I Need A Man (Hard 2 Dance Wizz'ard Remix)
B2  Get It On - Featuring – Dr. Magic",0,1
100050,https://www.youtube.com/watch?v=HLZxTO-UiOI,Disscode - I Need A Man (Hard 2 Dance Wizz'ard Remix) [WIZZ20],"Discogs: https://www.discogs.com/release/10357353-Disscode-I-Need-A-Man

Artist: Disscode
Track: I Need A Man (Hard 2 Dance Wizz'ard Remix)
EP Title: I Need A Man
Label: Wizz Records
Catalog #: WIZZ20
Genre: Progressive House, House
Year: 1995

",425,1
10028704,https://www.youtube.com/watch?v=dlBqLDEv40s,A Whiter Shade of Pale,"Provided to YouTube by Rhino/Elektra

A Whiter Shade of Pale · Joe Cocker

Luxury You Can Afford

℗ 1978 Elektra Entertainment Group for the United States and WEA International Inc. for the world outside of the United States.

Producer: Allen Toussaint",328,1
10028704,https://www.youtube.com/watch?v=1uHEe26PL7U,Fun Time,"Provided to YouTube by Rhino/Elektra

Fun Time · Joe Cocker

Luxury You Can Afford

℗ 1978 Elektra Entertainment Group for the United States and WEA International Inc. for the world outside of the United States.

Unknown: Alex Sadkin
Horns  Arranger: A",161,1
10028704,https://www.youtube.com/watch?v=grv63HDA1E8,Watching the River Flow,"Provided to YouTube by Rhino/Elektra

Watching the River Flow · Joe Cocker

Luxury You Can Afford

℗ 1978 Elektra Entertainment Group for the United States and WEA International Inc. for the world outside of the United States.

Unknown: Alex Sadkin
Ele",197,1
10028704,https://www.youtube.com/watch?v=2K3o6-SuJqE,I Can't Say No,"Provided to YouTube by Rhino/Elektra

I Can't Say No · Joe Cocker

Luxury You Can Afford

℗ 1978 Elektra Entertainment Group for the United States and WEA International Inc. for the world outside of the United States.

Unknown: Alex Sadkin
Clavinet, Or",172,1
10028704,https://www.youtube.com/watch?v=mDuE7A3Qh3s,Southern Lady,"Provided to YouTube by Rhino/Elektra

Southern Lady · Joe Cocker

Luxury You Can Afford

℗ 1978 Elektra Entertainment Group for the United States and WEA International Inc. for the world outside of the United States.

Unknown: Alex Sadkin
Organ: Allen ",197,1
10028704,https://www.youtube.com/watch?v=YzcCwktJ5sA,What You Did to Me Last Night,"Provided to YouTube by Rhino/Elektra

What You Did to Me Last Night · Joe Cocker

Luxury You Can Afford

℗ 1978 Elektra Entertainment Group for the United States and WEA International Inc. for the world outside of the United States.

Unknown: Alex Sadk",209,1
10028704,https://www.youtube.com/watch?v=ECthwXH-NBY,I Know (You Don't Want Me No More),"Provided to YouTube by Rhino/Elektra

I Know (You Don't Want Me No More) · Joe Cocker

Luxury You Can Afford

℗ 1978 WEA International. Elektra Entertainment. A Division of Warner Communications.

Unknown: Alex Sadkin
Producer: Allen Toussaint
Backing ",189,1
10028704,https://www.youtube.com/watch?v=Ziv2rtrAL_g,Wasted Years,"Provided to YouTube by Rhino/Elektra

Wasted Years · Joe Cocker

Luxury You Can Afford

℗ 1978 Elektra Entertainment Group for the United States and WEA International Inc. for the world outside of the United States.

Unknown: Alex Sadkin
Producer: Alle",290,1
10028704,https://www.youtube.com/watch?v=2xpFEeBXX9c,Boogie Baby,"Provided to YouTube by Rhino/Elektra

Boogie Baby · Joe Cocker

Luxury You Can Afford

℗ 1978 Elektra Entertainment Group for the United States and WEA International Inc. for the world outside of the United States.

Unknown: Alex Sadkin
String  Arrange",232,1
10028704,https://www.youtube.com/watch?v=oLS0PX4qTzQ,Lady Put the Light Out,"Provided to YouTube by Rhino/Elektra

Lady Put the Light Out · Joe Cocker

Luxury You Can Afford

℗ 1978 Elektra Entertainment Group for the United States and WEA International Inc. for the world outside of the United States.

Unknown: Alex Sadkin
Prod",287,1
10028704,https://www.youtube.com/watch?v=JbFb8eVZGe4,I Heard It Through the Grapevine,"Provided to YouTube by Rhino/Elektra

I Heard It Through the Grapevine · Joe Cocker

Luxury You Can Afford

℗ 1978 Elektra Entertainment Group for the United States and WEA International Inc. for the world outside of the United States.

Unknown: Alex S",269,1
10028974,https://www.youtube.com/watch?v=q_0EkaO8YW4,#068 - Dimension Psykédélik @ Réveil Hip Hop (2003),"Freestyle de Mimnerme le Mot Dit, Neolitic, Boulabax, Butagaz, Empirik et Kiangany sur Radio Libertaire en 2003.

Retrouvez l'ensemble des freestyles & interviews issus de mes k7 sur http://ripripripmesk7.blogspot.com .",0,1
10045492,https://www.youtube.com/watch?v=aJ-bTQxiPxg,The Originals - Call On Your Six Million Dollar Man,"Class tune from the ""Down to Love Town"" album",354,1
10045492,https://www.youtube.com/watch?v=sYyYkmXsdKQ,the originals - down to love town, ,368,1
10045492,https://www.youtube.com/watch?v=tI0gwZaZv8M,the originals sunrise,,292,1
10045492,https://www.youtube.com/watch?v=tO8KG2xR5VM,the originals been decided,,319,1
10045492,https://www.youtube.com/watch?v=Bpy4YH5N_eo,the originals mother nature' s best,,286,1
10045492,https://www.youtube.com/watch?v=yuDQRMasX6Y,the originals hurry up and wait,,319,1
10045492,https://www.youtube.com/watch?v=0WPwIb2qL7Q,the originals six million dollar man,,351,1
10045492,https://www.youtube.com/watch?v=BpPb2vSh8aI,the originals you are a blessing to me,,360,1
10045492,https://www.youtube.com/watch?v=qO7UJW9NNiU,the originals down to love town,,354,1
10045492,https://www.youtube.com/watch?v=pqYWT90legg,THE ORIGINALS - Sunrise (1977) Soul Motown *Mike & Brenda Sutton,"From The LP ""Down To Love Town / たそがれの愛の街"" VIP-6407 Motown/Victor (1977) Japan
Produced By Mike & Brenda Sutton
Written By Michael B. Sutton, Brenda Sutton & Tom Depierro",297,1
10045492,https://www.youtube.com/watch?v=GWFPWfMCqPk,Down To Love Town,"Provided to YouTube by Universal Music Group

Down To Love Town · The Originals

Down To Love Town

℗ A Motown Records Release; ℗ 1977 UMG Recordings, Inc.

Released on: 1977-08-11

Producer, Associated  Performer, Recording  Arranger, Studio  Personnel, ",360,1
10045492,https://www.youtube.com/watch?v=kmd9szgAsng,Call On Your Six-Million Dollar Man,"Provided to YouTube by Universal Music Group

Call On Your Six-Million Dollar Man · The Originals

Down To Love Town

℗ 1977 Motown Records, a Division of UMG Recordings, Inc.

Released on: 1977-08-11

Producer: Michael B. Sutton
Associated  Performer, Re",357,1
10045492,https://www.youtube.com/watch?v=0jR3G5CVlKo,Sunrise,"Provided to YouTube by Universal Music Group

Sunrise · The Originals

Down To Love Town

℗ 1977 Motown Records, a Division of UMG Recordings, Inc.

Released on: 1977-08-11

Producer: Michael B. Sutton
Composer  Lyricist: Tom DePierro
Composer  Lyricist: ",295,1
10045492,https://www.youtube.com/watch?v=X5bW4KJnU3Y,Been Decided,"Provided to YouTube by Universal Music Group

Been Decided · The Originals

Down To Love Town

℗ 1977 Motown Records, a Division of UMG Recordings, Inc.

Released on: 1977-08-11

Producer: Michael B. Sutton
Associated  Performer, Recording  Arranger: Art ",330,1
10045492,https://www.youtube.com/watch?v=acV3kiLWUds,Mother Nature's Best,"Provided to YouTube by Universal Music Group

Mother Nature's Best · The Originals

Down To Love Town

℗ 1977 Motown Records, a Division of UMG Recordings, Inc.

Released on: 1977-08-11

Producer: Freddie Gorman
Producer: The Originals
Associated  Perform",291,1
10045492,https://www.youtube.com/watch?v=C58r8GCYNbc,Hurry Up And Wait,"Provided to YouTube by Universal Music Group

Hurry Up And Wait · The Originals

Down To Love Town

℗ 1977 Motown Records, a Division of UMG Recordings, Inc.

Released on: 1977-08-11

Producer: Freddie Gorman
Producer: The Originals
Associated  Performer,",327,1
10045492,https://www.youtube.com/watch?v=oLDJQJA4nXA,You Are A Blessing To Me,"Provided to YouTube by Universal Music Group

You Are A Blessing To Me · The Originals

Down To Love Town

℗ 1977 Motown Records, a Division of UMG Recordings, Inc.

Released on: 1977-08-11

Producer: Michael B. Sutton
Associated  Performer, Recording  Ar",366,1
100654,https://www.youtube.com/watch?v=12dWVnSqh3Q,Alma Horton - Lies (Extended Vocal),"(2002) Diaspora Recordings – DIA010
https://www.discogs.com/Alma-Horton-Lies/release/100654",535,1
100654,https://www.youtube.com/watch?v=xBfoeztjQV0,Alma Horton – Lies (Sweet Abraham's Depth Charge),"Label: Diaspora Recordings
Country: US 🇺🇸
Release: 2002

And yet another US Deep House Gem on the list ! What I like with this track is its Minimal House Groove.
Hope you enjoy the ride ! 
Thanks and congrats to everyone involved in the making of this tun",373,1
100654,https://www.youtube.com/watch?v=12dWVnSqh3Q,Alma Horton - Lies (Extended Vocal),"(2002) Diaspora Recordings – DIA010
https://www.discogs.com/Alma-Horton-Lies/release/100654",535,1
100654,https://www.youtube.com/watch?v=xBfoeztjQV0,Alma Horton – Lies (Sweet Abraham's Depth Charge),"Label: Diaspora Recordings
Country: US 🇺🇸
Release: 2002

And yet another US Deep House Gem on the list ! What I like with this track is its Minimal House Groove.
Hope you enjoy the ride ! 
Thanks and congrats to everyone involved in the making of this tun",373,1
10066421,https://www.youtube.com/watch?v=hQX7Zub0ZdI,HOME - We're Finally Landing,"LP : Before The Night (2014). Written & Produced By Randy Goffe. LP Available As A Free Download Here : https://soundcloud.com/home-2001
- Special Thanks To NorthernLight For The Link.
- Video Extracted From : https://archive.org/details/25_years_of_progr",273,1
10066421,https://www.youtube.com/watch?v=hQX7Zub0ZdI,HOME - We're Finally Landing,"LP : Before The Night (2014). Written & Produced By Randy Goffe. LP Available As A Free Download Here : https://soundcloud.com/home-2001
- Special Thanks To NorthernLight For The Link.
- Video Extracted From : https://archive.org/details/25_years_of_progr",273,1
10082296,https://www.youtube.com/watch?v=ZKe7KUE-yQE,Fiona Prince - High On You Again (Groove Deluxe Instrumental),"Lee Hamblin & Simon Law, 2000
https://www.discogs.com/release/466636-Fiona-Prince-High-On-You-Again

Message me if you own this and would like me to take it down!",361,1
10082296,https://www.youtube.com/watch?v=xOid6NTg4LE,Fiona Prince - High On You Again (8 Jam Mix) (-2ooo-),"https://www.ebay.com/usr/$$...sneaky...!-.-!...vibez...$$
https://www.facebook.com/Ultimate-Selection-294599427235176/
https://www.discogs.com/de/seller/c2t/profile
http://djearflip.blogspot.com/
https://www.youtube.com/channel/UCnSAftT-qrcl9lYua8quysA/vi",148,1
10082296,https://www.youtube.com/watch?v=vNumpG5OS6E,Fiona Prince - High On You Again (Marvel & Eli Remix),,329,1
10082296,https://www.youtube.com/watch?v=EG-ATioFjkQ,High On You Remix.wmv,"High On You, Re-Mixed and Produced by Groove Deluxe, Featuring Fiona Prince.",356,1
10082296,https://www.youtube.com/watch?v=tYRd-YgT0zI,Fiona Prince – High On You Again (Marvel & Eli Instrumental),"Label: Disco Volante 
Country: UK 🇬🇧
Release: 2000

Instrumental Uk Garage 🪕
Hope you enjoy the ride ! 
Thanks and congrats to everyone involved in the making of this tune.

https://www.discogs.com/fr/master/162096-Fiona-Prince-High-On-You-Again

Track up",376,1
10082296,https://www.youtube.com/watch?v=AWrdPEni8C4,High on you again - FIONA PRINCE,,228,1
100833,https://www.youtube.com/watch?v=Fk8yXZaD-7s,Sponky People ‎– E-Update (Original Mix),"Sponky People ‎– Groove 3 / Blackhole / E-Update

Label: Sog Records ‎– SOG 004
Format: Vinyl, 12"" 
Country: Switzerland
Released: 2000
Genre: Electronic
Style: Progressive House, Tech House",424,1
100833,https://www.youtube.com/watch?v=Ugn6QShh8-I,Sponky People ‎– Blackhole (Original Mix),"Sponky People ‎– Groove 3 / Blackhole / E-Update

Label: Sog Records ‎– SOG 004
Format: Vinyl, 12"" 
Country: Switzerland
Released: 2000
Genre: Electronic
Style: Progressive House, Tech House",488,1
100833,https://www.youtube.com/watch?v=zTn_Q5ZWUBs,Sponky People - Groove 3 (Sog Records),"Sponky People - Groove 3 (Sog Records) (SOG 004) Written & Produced by Tobias Wirz & Stefan Leu ,Progressive House ,2000",544,1
100833,https://www.youtube.com/watch?v=0XfyjGmZ9NY,Sponky People - Blackhole (Sog Records),"Sponky People - Blackhole (Sog Records) (SOG 004) Written & Produced by Tobias Wirz ,Stefan Leu & Harry Mariani ,Progressive House , 2000",494,1
100833,https://www.youtube.com/watch?v=RtU8j4wiQic,Sponky People - E-Update (Sog Records),"Sponky People - E-Update (Sog Records) (SOG 004) Written & Produced by Harry Mariani ,Progressive House ,2000",431,1
100833,https://www.youtube.com/watch?v=Fk8yXZaD-7s,Sponky People ‎– E-Update (Original Mix),"Sponky People ‎– Groove 3 / Blackhole / E-Update

Label: Sog Records ‎– SOG 004
Format: Vinyl, 12"" 
Country: Switzerland
Released: 2000
Genre: Electronic
Style: Progressive House, Tech House",424,1
100833,https://www.youtube.com/watch?v=Ugn6QShh8-I,Sponky People ‎– Blackhole (Original Mix),"Sponky People ‎– Groove 3 / Blackhole / E-Update

Label: Sog Records ‎– SOG 004
Format: Vinyl, 12"" 
Country: Switzerland
Released: 2000
Genre: Electronic
Style: Progressive House, Tech House",488,1
100833,https://www.youtube.com/watch?v=zTn_Q5ZWUBs,Sponky People - Groove 3 (Sog Records),"Sponky People - Groove 3 (Sog Records) (SOG 004) Written & Produced by Tobias Wirz & Stefan Leu ,Progressive House ,2000",544,1
100833,https://www.youtube.com/watch?v=0XfyjGmZ9NY,Sponky People - Blackhole (Sog Records),"Sponky People - Blackhole (Sog Records) (SOG 004) Written & Produced by Tobias Wirz ,Stefan Leu & Harry Mariani ,Progressive House , 2000",494,1
100833,https://www.youtube.com/watch?v=RtU8j4wiQic,Sponky People - E-Update (Sog Records),"Sponky People - E-Update (Sog Records) (SOG 004) Written & Produced by Harry Mariani ,Progressive House ,2000",431,1
10094904,https://www.youtube.com/watch?v=tbz4WaEtROo,S.O,"Provided to YouTube by BWSCD Inc

S.O · Kelly Lee Owens

Kelly Lee Owens

℗ 2017 Smalltown Supersound

Released on: 2017-03-24

Main Artist: Kelly Lee Owens
Producer: Kelly Lee Owens
Composer Lyricist: Kelly Lee Owens
Composer Lyricist: James Greenwood

A",193,1
10094904,https://www.youtube.com/watch?v=ibrp8n49-4c,Arthur,"Provided to YouTube by BWSCD Inc

Arthur · Kelly Lee Owens

Kelly Lee Owens

℗ 2017 Smalltown Supersound

Released on: 2017-03-24

Main Artist: Kelly Lee Owens
Producer: Kelly Lee Owens
Composer Lyricist: Kelly Lee Owens
Composer Lyricist: James Greenwood",246,1
10094904,https://www.youtube.com/watch?v=FdDf2Ib4B64,Kelly Lee Owens – Anxi (Official),"‘Anxi’ from Kelly Lee Owens’s self-titled album is available here:
https://kellyleeowens.lnk.to/KLO

Follow Kelly Lee Owens on:

Facebook
https://kellyleeowens.lnk.to/Facebook

Twitter
https://kellyleeowens.lnk.to/Twitter

Instagram
https://kellyleeowens.",232,1
10094904,https://www.youtube.com/watch?v=GvVLuk1KGxc,Lucid,"Provided to YouTube by BWSCD Inc

Lucid · Kelly Lee Owens

Lucid

℗ 2017 Smalltown Supersound

Released on: 2017-02-09

Main Artist: Kelly Lee Owens

Auto-generated by YouTube.",213,1
10094904,https://www.youtube.com/watch?v=3skhDjnCWlg,Evolution,"Provided to YouTube by BWSCD Inc

Evolution · Kelly Lee Owens

Kelly Lee Owens

℗ 2017 Smalltown Supersound

Released on: 2017-03-24

Main Artist: Kelly Lee Owens
Producer: Kelly Lee Owens
Composer Lyricist: Kelly Lee Owens
Composer Lyricist: James Greenw",243,1
10094904,https://www.youtube.com/watch?v=MvbkS-BGFVY,Bird,"Provided to YouTube by BWSCD Inc

Bird · Kelly Lee Owens

Kelly Lee Owens

℗ 2017 Smalltown Supersound

Released on: 2017-03-24

Main Artist: Kelly Lee Owens
Producer: Kelly Lee Owens
Composer Lyricist: Kelly Lee Owens
Composer Lyricist: James Greenwood

",316,1
10094904,https://www.youtube.com/watch?v=IzEaFeIwbuk,Kelly Lee Owens - Throwing Lines,"""Kelly Lee Owens"" out now on Smalltown Supersound.

https://kellyleeowens.bandcamp.com
https://facebook.com/kellyleeowens
https://soundcloud.com/kellyleeowens

For more new music, follow my weekly Spotify playlist ""Compact Cassette"" (https://open.spotify.",187,1
10094904,https://www.youtube.com/watch?v=AdoJFbDUnU4,Kelly Lee Owens - CBM,"‘CBM’ from Kelly Lee Owens’s self-titled album is available here:
https://kellyleeowens.lnk.to/KLO

Follow Kelly Lee Owens on:

Facebook
https://kellyleeowens.lnk.to/Facebook

Twitter
https://kellyleeowens.lnk.to/Twitter

Instagram
https://kellyleeowens.l",299,1
10094904,https://www.youtube.com/watch?v=NsfYDwsWhRU,Keep Walking,"Provided to YouTube by BWSCD Inc

Keep Walking · Kelly Lee Owens

Kelly Lee Owens

℗ 2017 Smalltown Supersound

Released on: 2017-03-24

Main Artist: Kelly Lee Owens
Producer: Kelly Lee Owens
Producer: James Greenwood
Composer Lyricist: Kelly Lee Owens
Co",284,1
10094904,https://www.youtube.com/watch?v=_4GvpNakBAM,8,"Provided to YouTube by BWSCD Inc

8 · Kelly Lee Owens

Kelly Lee Owens

℗ 2017 Smalltown Supersound

Released on: 2017-03-24

Main Artist: Kelly Lee Owens
Producer: Kelly Lee Owens
Composer Lyricist: Kelly Lee Owens
Composer Lyricist: James Greenwood

Aut",580,1
10097790,https://www.youtube.com/watch?v=DUoSc8nCYeY,the Riats - Sunday morning (Nederbeat) | (Den Haag) 1967,"the Riats uit Den Haag met ""Sunday morning"" (Omega 35796) 1967
Other side:  https://www.youtube.com/watch?v=EESuOx2bTUs

Bezetting:
Co van der Hoeven 
Steve Biesot 
Frans Doolaard
Louis Debij 

#Nederbeat #Riats #Dutchpop #Nederbiet",183,1
10097790,https://www.youtube.com/watch?v=voV_e0IKwzs,the riats run run run,the riats run run run,191,1
10097790,https://www.youtube.com/watch?v=DUoSc8nCYeY,the Riats - Sunday morning (Nederbeat) | (Den Haag) 1967,"the Riats uit Den Haag met ""Sunday morning"" (Omega 35796) 1967
Other side:  https://www.youtube.com/watch?v=EESuOx2bTUs

Bezetting:
Co van der Hoeven 
Steve Biesot 
Frans Doolaard
Louis Debij 

#Nederbeat #Riats #Dutchpop #Nederbiet",183,1
10097790,https://www.youtube.com/watch?v=voV_e0IKwzs,the riats run run run,the riats run run run,191,1
1010154,https://www.youtube.com/watch?v=mHyxPIh3c5w,"Patti Austin & James Ingram - Baby, Come To Me • TopPop","James Edward Ingram (February 16, 1952 – January 29, 2019) was an American singer, songwriter, musician and record producer. He was a two-time Grammy Award-winner and a two-time Academy Award nominee for Best Original Song.
Ingram, an Ohio native, got his",211,1
1010154,https://www.youtube.com/watch?v=Dk3s4HYImwo,Patti Austin - Solero,,151,1
1010154,https://www.youtube.com/watch?v=mHyxPIh3c5w,"Patti Austin & James Ingram - Baby, Come To Me • TopPop","James Edward Ingram (February 16, 1952 – January 29, 2019) was an American singer, songwriter, musician and record producer. He was a two-time Grammy Award-winner and a two-time Academy Award nominee for Best Original Song.
Ingram, an Ohio native, got his",211,1
101026,https://www.youtube.com/watch?v=m-LJLgrcvow,Code-14 - No Limits (Hard Trance Mix) - 1995,"Ripeado De Vinilo,Con Technics 1200 mk2,Capsula Ortofon Concorde,Pitch A 0,Ecualizacion Plana Con Ganancia De -3Db,En Wav De 24 Bits....
Pero YouTube Lo Reproduce A Mp3 De 128kbps,Asi Que Si Lo Descargas No Pierdas Espacio Guardandolo A Mas Kbps....",378,1
101026,https://www.youtube.com/watch?v=VMMRz-qJIsA,Code-14 - No Limits (Original Mix) - 1995,"Ripeado De Vinilo,Con Technics 1200 mk2,Capsula Ortofon Concorde,Pitch A 0,Ecualizacion Plana Con Ganancia De -3Db,En Wav De 24 Bits....
Pero YouTube Lo Reproduce A Mp3 De 128kbps,Asi Que Si Lo Descargas No Pierdas Espacio Guardandolo A Mas Kbps....",369,1
101026,https://www.youtube.com/watch?v=m-LJLgrcvow,Code-14 - No Limits (Hard Trance Mix) - 1995,"Ripeado De Vinilo,Con Technics 1200 mk2,Capsula Ortofon Concorde,Pitch A 0,Ecualizacion Plana Con Ganancia De -3Db,En Wav De 24 Bits....
Pero YouTube Lo Reproduce A Mp3 De 128kbps,Asi Que Si Lo Descargas No Pierdas Espacio Guardandolo A Mas Kbps....",378,1
101026,https://www.youtube.com/watch?v=VMMRz-qJIsA,Code-14 - No Limits (Original Mix) - 1995,"Ripeado De Vinilo,Con Technics 1200 mk2,Capsula Ortofon Concorde,Pitch A 0,Ecualizacion Plana Con Ganancia De -3Db,En Wav De 24 Bits....
Pero YouTube Lo Reproduce A Mp3 De 128kbps,Asi Que Si Lo Descargas No Pierdas Espacio Guardandolo A Mas Kbps....",369,1
101026,https://www.youtube.com/watch?v=-AribjVpGgA,Code-14 - No Limits (Hardtrance Mix),"No Limits EP
Label: United Ravers Records  
Catalog#: URR 014  
Format: Vinyl, 12""
Country: Germany 
Released: 1995 
Genre: Electronic  
Style: Hard Trance  
Credits: Written-By, Produced-By - Daniele Musetti & Michele Luginbühl",376,1
101026,https://www.youtube.com/watch?v=l-P_FC9XLvM,Code14 - No Limits (Ambient Chillout mix),I Dont Own Nothing. I Own No Copyright,361,1
101026,https://www.youtube.com/watch?v=pGcpzIWBWZQ,Code-14 - No Limits (Original Mix) - United Ravers Records - 1995,"Code-14 - No Limits
Label: United Ravers Records
Catalog#: URR 014
Format: Vinyl, 12""
Country: Germany
Released: 1995
Style: Hard Trance",369,1
101026,https://www.youtube.com/watch?v=mtYi9gktM18,Code - 14 - No Limits (Ambient Dream Mix) 45 RPM,"Code - 14 - No Limits

Label: Steel Wheel
Released: 1995
Format: Vinyl, 12""

Discogs: https://www.discogs.com/Code-14-No-Limits/release/2648513

Dreamy ambient track coming from Italy in the mid 90's on the back of a hard trance record. I prefer it played",265,1
10117670,https://www.youtube.com/watch?v=TDdsjduZdUs,Atlantis,"Provided to YouTube by Virtual Label LLC

Atlantis · Sun Ra

Atlantis

℗ 2014 Enterplanetary Koncepts

Released on: 2014-04-01

Producer: Irwin Chusid
Producer: Michael D. Anderson
Composer: Sun Ra
Music Publisher: Enterplanetary Koncepts BMI

Auto-genera",0,1
10117670,https://www.youtube.com/watch?v=ggCADL2AOTE,Lemuria,"Provided to YouTube by Virtual Label LLC

Lemuria · Sun Ra

Atlantis

℗ 2014 Enterplanetary Koncepts

Released on: 2014-04-01

Producer: Irwin Chusid
Producer: Michael D. Anderson
Composer: Sun Ra
Music Publisher: Enterplanetary Koncepts BMI

Auto-generat",300,1
10117670,https://www.youtube.com/watch?v=s53Q9Zf4dFs,Mu,"Provided to YouTube by Virtual Label LLC

Mu · Sun Ra

Atlantis

℗ 2014 Enterplanetary Koncepts

Released on: 2014-04-01

Producer: Irwin Chusid
Producer: Michael D. Anderson
Composer: Sun Ra
Music Publisher: Enterplanetary Koncepts BMI

Auto-generated by",269,1
10117670,https://www.youtube.com/watch?v=ggCADL2AOTE,Lemuria,"Provided to YouTube by Virtual Label LLC

Lemuria · Sun Ra

Atlantis

℗ 2014 Enterplanetary Koncepts

Released on: 2014-04-01

Producer: Irwin Chusid
Producer: Michael D. Anderson
Composer: Sun Ra
Music Publisher: Enterplanetary Koncepts BMI

Auto-generat",300,1
10117670,https://www.youtube.com/watch?v=YzgbN9DwhG8,Bimini,"Provided to YouTube by Virtual Label LLC

Bimini · Sun Ra

Atlantis

℗ 2014 Enterplanetary Koncepts

Released on: 2014-04-01

Producer: Irwin Chusid
Producer: Michael D. Anderson
Composer: Sun Ra
Music Publisher: Enterplanetary Koncepts BMI

Auto-generate",461,1
10117670,https://www.youtube.com/watch?v=cvLSk6mOce4,Yucatan I,"Provided to YouTube by Virtual Label LLC

Yucatan I · Sun Ra

Atlantis

℗ 2014 Enterplanetary Koncepts

Released on: 2014-04-01

Producer: Irwin Chusid
Producer: Michael D. Anderson
Composer: Sun Ra
Music Publisher: Enterplanetary Koncepts BMI

Auto-gener",318,1
10117670,https://www.youtube.com/watch?v=TDdsjduZdUs,Atlantis,"Provided to YouTube by Virtual Label LLC

Atlantis · Sun Ra

Atlantis

℗ 2014 Enterplanetary Koncepts

Released on: 2014-04-01

Producer: Irwin Chusid
Producer: Michael D. Anderson
Composer: Sun Ra
Music Publisher: Enterplanetary Koncepts BMI

Auto-genera",0,1
10117670,https://www.youtube.com/watch?v=x5dIkFmafx4,Sun Ra - Atlantis (1969) Full Album,"Support the artist: https://sunramusic.bandcamp.com/album/atlantis

Tracklist:
01. Mu 0:00
02. Lemuria 4:36
03. Yucatan 9:44
04. Bimini 15:16
05. Atlantis 21:07",2583,1
101339,https://www.youtube.com/watch?v=HRaGRRBJt3E,🐍 DJ Hype | Drum & Bass Selection 5 (Watch The Ride - Part 5 - Rinse Out) 1995 Mixed Compilation,"🔥 DJ Hype presents Drum & Bass Selection 5: Watch The Ride (Rinse Out), 1995 — a defining jungle drum & bass mixed compilation from the golden era. This is pure mid-90s pressure: rapid-fire breaks, heavyweight basslines and dubplate energy stitched togeth",0,1
101339,https://www.youtube.com/watch?v=nijY9nptHQM,Various - Drum & Bass Selection Vol. 5 (Full Album),"[reupload without blocked tracks]
drum & bass selection 5 by breakdown records

source: https://www.discogs.com/Various-Drum-Bass-Selection-5-Watch-The-Ride-Part-5-Rinse-Out/master/46669
my jungle playlist on youtube: https://www.youtube.com/playlist?l",6366,1
101339,https://www.youtube.com/watch?v=OxcvVdIgyBA,Cutty Ranks - Limb by limb (DJ SS remix),,298,1
101339,https://www.youtube.com/watch?v=c8r5RDmcs1A,H.M.P-Runnins,H.M.P-Runnins-Frontline Records ‎– FRONT 008  Jungle Drum n Bass 1995,335,1
101339,https://www.youtube.com/watch?v=SEi3ESuSsds,Pure-Anything Test,Pure-Anything Test,265,1
101339,https://www.youtube.com/watch?v=7_GwluymaqU,M.T.S - Inspiration,Label: Juice Records 1995,407,1
101339,https://www.youtube.com/watch?v=60W8YkScRWE,Goes Around,"Provided to YouTube by Absolute Marketing International Ltd

Goes Around · Desired State

Goes Around

℗ 1995 RAM Records Ltd.

Released on: 2013-08-18

Auto-generated by YouTube.",413,1
101339,https://www.youtube.com/watch?v=I59HL03awyg,Rude Bwoy Monty - Warp 9 Mr Zulu,"Rude Bwoy Monty - Warp 9 Mr Zulu
Frontline Records 1995",329,1
101339,https://www.youtube.com/watch?v=kmEqZ6WlWg0,Johnny Jungle - Killa Sound (Krome & Time Remix),,355,1
101339,https://www.youtube.com/watch?v=BQT8jwHSaFI,44 Mag,"Provided to YouTube by [Merlin] RealPlayazLtd

44 Mag · DJ Phantasy

44 Mag

℗ Easy Records

Released on: 2014-10-06

Auto-generated by YouTube.",357,1
101339,https://www.youtube.com/watch?v=SM5gmnTKjeM,JB   Back 2 Life Exclusive Mix,,410,1
101339,https://www.youtube.com/watch?v=Ve1VXCG4WXQ,DJ Zinc - Super Sharp Shooter,1995 - GAN 009 - DJ Zinc - Volume Seven,370,1
101339,https://www.youtube.com/watch?v=FoWLKzRNL1E,The Outsider - The Mash Up,"Label: Formation Records

                Catalogue: FORM12062

                Format: 12""

                Release Date: 1995",381,1
101339,https://www.youtube.com/watch?v=N7XUbstY42w,RAMMLP1 Side B1 Shimon & Andy C   Quest Liftin' Spirits Remix,,389,1
101339,https://www.youtube.com/watch?v=mdxXHXFptNY,The Boogie Down Kru ‎– Boogie Down,"1995
Runninz Records",320,1
101339,https://www.youtube.com/watch?v=HhXk6tkzguU,Soundstation Soundstation,"Tickets for Dance Concept Oldskool DnB Special Boat Party: https://www.deftickets.co.uk/events/dance-concept-boat-party-oldskool-dnb-jungle-special-04-06-2017

Sound Station ‎– Sound Station
Label: Suburban Base Records ‎– SUBBASE 54
Format: Vinyl, 12"", 4",365,1
101339,https://www.youtube.com/watch?v=T26Dao18n_c,DANNY BREAKS - EASY - VOLUMES - DROPPIN' SCIENCE,"CLICK HERE FOR FULL DETAILS & INFO . . .

ARTIST:   DANNY BREAKS
TRACK:   EASY
ALBUM:   VOLUMES
LABEL:    DROPPIN' SCIENCE (www.droppinscience.co.uk)
YEAR:     2001
CAT NO:  DSCD001

Originally release as DS006A, Recorded in 1995.

Available here..

http:",431,1
101339,https://www.youtube.com/watch?v=FTDRvdidC5U,The Outlaw - O.G. Call,"The original mix of O.G. Call. Samples dialogue from the 1992 movie ""South Central""

This is from the CD I own ""Drum & Bass Selection 5 (Watch The Ride - Part 5 - Rinse Out) which I got of my mum....god bless her soul....as an Xmas present back in 1995!

",348,1
101339,https://www.youtube.com/watch?v=GaX31WvdB-A,DJ Hype & Ganja Max (Feat MC Fats & DJ Daddy) - Rinse Out,"DJ Hype & Ganja Max (Feat MC Fats & DJ Daddy) - Rinse Out.
Quality 1995 Jungle track from DJ Hype & Ganja Max.",413,1
101339,https://www.youtube.com/watch?v=grHEEOTcAQ4,Bizzi B & Pugwash - JA,"Tickets for Dance Concept Oldskool DnB Special Boat Party: https://www.deftickets.co.uk/events/dance-concept-boat-party-oldskool-dnb-jungle-special-04-06-2017

2 x 12""
BDRLP009
Various - Drum & Bass Selection 5 (Watch The Ride - Part 5 - Rinse Out) 

Rare",323,1
101339,https://www.youtube.com/watch?v=DQBwErkLYoA,Run Tings & Liftin' Spirits - Come Easy (Ant Miles Exclusive Mix),From Suburban Bass Drum & Bass Selection 5,326,1
101339,https://www.youtube.com/watch?v=TDxbeeKpCOA,Flex 010 L Double Break it down,"Flex: http://ow.ly/uvtL306z9Ph

Juno: http://ow.ly/Q29s306z9Jy

Beatport: http://ow.ly/lyvy306z9IW

Itunes: http://ow.ly/SvZJ306z95T

Google Play: http://ow.ly/g3Jq306z902",145,1
101339,https://www.youtube.com/watch?v=HRaGRRBJt3E,🐍 DJ Hype | Drum & Bass Selection 5 (Watch The Ride - Part 5 - Rinse Out) 1995 Mixed Compilation,"🔥 DJ Hype presents Drum & Bass Selection 5: Watch The Ride (Rinse Out), 1995 — a defining jungle drum & bass mixed compilation from the golden era. This is pure mid-90s pressure: rapid-fire breaks, heavyweight basslines and dubplate energy stitched togeth",0,1
101339,https://www.youtube.com/watch?v=JQydl0xi6m0,Drum n Bass Selection 5 Mixed by DJ Hype - Side A,"Classic 1995 compilation from Breakdown records


A1 –Pure (5) Anything Test (Exclusive Mix) 
A2 –M.T.S. Inspiration 
A3 –The Outlaw O.G. Call 
A4 –Run Tings & Liftin' Spirits Come Easy (Ant Miles Exclusive Mix)
Remix – Ant Miles
A5 –DJ Zinc Super Sharp S",0,1
101339,https://www.youtube.com/watch?v=cw2FHhxW2tE,Drum n Bass Selection 5 Mixed by DJ Hype - Side B,"Classic 1995 jungle compilation on Breakdown Records

B1 –The Outsider The Mash Up 
B2 –Droppin' Science Easy (Vol 6) 
B3 –L Double Break It Down 
B4 –Rude Bwoy Monty Warp 9 Mr Zulu (Hawaiian Tune) 
B5 –DJ Phantasy 44 Mag 
B6 –Sound Station Sound Station ",0,1
1013755,https://www.youtube.com/watch?v=jD1tvXsMChY,interference - untitled a1 (19xx),"switch

https://www.discogs.com/release/1013755-Interference-Untitled",275,1
1013755,https://www.youtube.com/watch?v=faMyEW5X4E4,interference - untitled a2 (19xx),"switch

https://www.discogs.com/release/1013755-Interference-Untitled",320,1
1013755,https://www.youtube.com/watch?v=1xK1lss7hJE,interference - untitled a3 (19xx),"switch

https://www.discogs.com/release/1013755-Interference-Untitled",275,1
1013755,https://www.youtube.com/watch?v=9DiMVqtkpMg,Interference - City Of Glass [SWITCH 4],"Discogs: https://www.discogs.com/release/1013755-Interference-Untitled

Artist: Interference
Track: City Of Glass
EP Title: Untitled
Label: Switch
Catalog #: SWITCH 4
Genre: Techno
Year: ????

Just here to share our passion for good music. Any copyright i",271,1
1014630,https://www.youtube.com/watch?v=-Cuvc9V7UQM,Jones & Stephenson – The First Rebirth (Original) Trance 1993,"More retro trance music, this time a classic  - hard and fast
A Gabber anthem too

Jones & Stephenson
The First Rebirth
-
Bonzai Records
BR 93034
1993

Listen to 'I love trance' https://youtu.be/bCrvLdana18
Or this anthem - https://youtu.be/cX4au08ynKc

#",360,1
1014630,https://www.youtube.com/watch?v=12mFWQ_uSxU,Blue Alphabet – Cybertrance BR94056,"Bonzai Records BR94056
1994",354,1
1014630,https://www.youtube.com/watch?v=-Cuvc9V7UQM,Jones & Stephenson – The First Rebirth (Original) Trance 1993,"More retro trance music, this time a classic  - hard and fast
A Gabber anthem too

Jones & Stephenson
The First Rebirth
-
Bonzai Records
BR 93034
1993

Listen to 'I love trance' https://youtu.be/bCrvLdana18
Or this anthem - https://youtu.be/cX4au08ynKc

#",360,1
1014630,https://www.youtube.com/watch?v=12mFWQ_uSxU,Blue Alphabet – Cybertrance BR94056,"Bonzai Records BR94056
1994",354,1
1017133,https://www.youtube.com/watch?v=pnJM_jC7j_4,Jefferson Airplane - White Rabbit (Audio),"""White Rabbit"" by Jefferson Airplane
Listen to Jefferson Airplane: https://JeffersonAirplane.lnk.to/listenYD

Subscribe to the official Jefferson Airplane YouTube channel: https://JeffersonAirplane.lnk.to/subscribeYD

Follow Jefferson Airplane:
Facebook: ",154,1
1017133,https://www.youtube.com/watch?v=S42ZhwvtHbA,Tuxedomoon - Jinx,"Desire (1981)
Lyrics:

Why all the flags at half mast
Why the murders the rage
Where the retainers of passion
Left from a sensible age
To wipe the wretched history from this page

Why the people so bloated
What making cancerous sin
Where the godmerging sh",302,1
1017133,https://www.youtube.com/watch?v=FFbh6WDQ9w0,"Tueurs de la Lune de Miel - ""Route Nationale 7""","""Route Nationale 7"" by the Honeymoon Killers (1981)
Label : Crammed Discs

Filmed by Philippe Pilate for Belgian television RTBF

Feat. Yvon Vromman, Veronique Vincent, Gerald Fenerberg, Marc Hollander, JF Jones Jacob & Vincent Kenis (who doesn't appear i",180,1
1017133,https://www.youtube.com/watch?v=9MC85fw4gZ0,"Heldon - Ouais, Marchais, Mieux Qu'en 68 (Ex : Le Voyageur)","Vocal by Gilles Deleuze
Album: Electronique Guerilla (1974)
Disjuncta ‎– 12/13 
vinyl rip",262,1
1017133,https://www.youtube.com/watch?v=mDYYY7jT7IY,"Ouais, marchais, mieux qu'en 68 (Ex: Le voyageur)","Provided to YouTube by The Orchard Enterprises

Ouais, marchais, mieux qu'en 68 (Ex: Le voyageur) · Heldon

Electronique Guerilla (Heldon I)

℗ 2018 Bureau B

Released on: 2018-04-06

Auto-generated by YouTube.",267,1
1017133,https://www.youtube.com/watch?v=7_45_5pwaQQ,Radio Nova 25 Ans (DVD teaser),"Radio Nova fête son anniversaire avec un cadeau pour tous ses aficionados: un album de 128 pages qui raconte 25 ans d'histoires, et un DVD de 3h30 pour s'enfoncer dans le groove avec le film Nova, où l'on retrouve tous ceux qui ont jalonné ces 25 années d",274,1
1017133,https://www.youtube.com/watch?v=QAh7amPJOt4,Radio Nova fete ses 25 ans,Radio Nova fete ses 25 ans en image(le DVD et le guide) et en son (le coffret de 25 cds),31,1
1017133,https://www.youtube.com/watch?v=yAD-9Yr4WlY,Bono @ Nova : DVD teaser 25 ans,"Abonnez-vous pour plus de vidéos : http://bit.ly/NovaPlanetYouTube
Tous nos Lives @ Nova ici : http://bit.ly/1ch7fu7

Radio Nova fête son anniversaire avec un cadeau pour tous ses aficionados: un album de 128 pages qui raconte 25 ans d'histoires, et un DV",32,1
1017133,https://www.youtube.com/watch?v=u75LcKX5Bu0,Saï Saï et Puppa Leslie @ Nova (DVD Teaser 25 ans),"Radio Nova fête son anniversaire avec un cadeau pour tous ses aficionados: un album de 128 pages qui raconte 25 ans d'histoires, et un DVD de 3h30 pour s'enfoncer dans le groove avec le film Nova, où l'on retrouve tous ceux qui ont jalonné ces 25 années d",52,1
1017133,https://www.youtube.com/watch?v=zMfXFLZUJ6E,Adonis - No Way Back,"1986
Adonis - No Way Back
At a young age Adonis gifted us with this influential and ground shaking release. Simple but so very affective. There is something about the bassline on this track that somehow keeps it current over all these years. With the re e",302,1
1017133,https://www.youtube.com/watch?v=aL2tIAOa7dw,Adonis-No way back,"Classic house from 1986,Label-Trax Records,catalog#: TX112,format 12"" vinyl US 1986 Produced and written by Adonis",299,1
1017133,https://www.youtube.com/watch?v=ppwdANVXbZw,Adonis No Way Back,"Classic house on Trax records from 1986
Love it!!!!",299,1
1017133,https://www.youtube.com/watch?v=M-UQG56qFNk,"Adonis, No Way Back - 1986","Follow Us On Instagram: http://bit.ly/InstagramVibesof88
Twitter: http://bit.ly/vibesof88ontwitter
Facebook: http://bit.ly/vibesof88onfb 

https://www.discogs.com/artist/2684-Adonis

Genre: Electronic
Style: House",298,1
1017133,https://www.youtube.com/watch?v=Xvj1q_L_3iw,ADONIS - No Way Back (I've Lost Control),Description,299,1
1017133,https://www.youtube.com/watch?v=cZj9oQ-5aaY,Adonis - No Way Back,Classic House 1988,297,1
1017133,https://www.youtube.com/watch?v=tCv_ySDDSNI,No Way Back,"Provided to YouTube by TuneCore

No Way Back · Adonis

No Way Back

℗ 2018 Adonis Recordings

Released on: 2018-08-24

Auto-generated by YouTube.",296,1
1017133,https://www.youtube.com/watch?v=XguWA1JGlQ8,Adonis - No Way Back (Official Music Video),"Adonis Recordings IG: 
https://www.instagram.com/adonis_recordings
Directed by: JP Bonino
https://instagram.com/jp._.bonino
Buy: https://adonis303.bandcamp.com/track/no-way-back-feat-gary-b
www.adonisrecordings.com",321,1
1017133,https://www.youtube.com/watch?v=pnJM_jC7j_4,Jefferson Airplane - White Rabbit (Audio),"""White Rabbit"" by Jefferson Airplane
Listen to Jefferson Airplane: https://JeffersonAirplane.lnk.to/listenYD

Subscribe to the official Jefferson Airplane YouTube channel: https://JeffersonAirplane.lnk.to/subscribeYD

Follow Jefferson Airplane:
Facebook: ",154,1
1017133,https://www.youtube.com/watch?v=S42ZhwvtHbA,Tuxedomoon - Jinx,"Desire (1981)
Lyrics:

Why all the flags at half mast
Why the murders the rage
Where the retainers of passion
Left from a sensible age
To wipe the wretched history from this page

Why the people so bloated
What making cancerous sin
Where the godmerging sh",302,1
1017133,https://www.youtube.com/watch?v=FFbh6WDQ9w0,"Tueurs de la Lune de Miel - ""Route Nationale 7""","""Route Nationale 7"" by the Honeymoon Killers (1981)
Label : Crammed Discs

Filmed by Philippe Pilate for Belgian television RTBF

Feat. Yvon Vromman, Veronique Vincent, Gerald Fenerberg, Marc Hollander, JF Jones Jacob & Vincent Kenis (who doesn't appear i",180,1
1017133,https://www.youtube.com/watch?v=9MC85fw4gZ0,"Heldon - Ouais, Marchais, Mieux Qu'en 68 (Ex : Le Voyageur)","Vocal by Gilles Deleuze
Album: Electronique Guerilla (1974)
Disjuncta ‎– 12/13 
vinyl rip",262,1
1017133,https://www.youtube.com/watch?v=mDYYY7jT7IY,"Ouais, marchais, mieux qu'en 68 (Ex: Le voyageur)","Provided to YouTube by The Orchard Enterprises

Ouais, marchais, mieux qu'en 68 (Ex: Le voyageur) · Heldon

Electronique Guerilla (Heldon I)

℗ 2018 Bureau B

Released on: 2018-04-06

Auto-generated by YouTube.",267,1
1017133,https://www.youtube.com/watch?v=7_45_5pwaQQ,Radio Nova 25 Ans (DVD teaser),"Radio Nova fête son anniversaire avec un cadeau pour tous ses aficionados: un album de 128 pages qui raconte 25 ans d'histoires, et un DVD de 3h30 pour s'enfoncer dans le groove avec le film Nova, où l'on retrouve tous ceux qui ont jalonné ces 25 années d",274,1
1017133,https://www.youtube.com/watch?v=QAh7amPJOt4,Radio Nova fete ses 25 ans,Radio Nova fete ses 25 ans en image(le DVD et le guide) et en son (le coffret de 25 cds),31,1
1017133,https://www.youtube.com/watch?v=yAD-9Yr4WlY,Bono @ Nova : DVD teaser 25 ans,"Abonnez-vous pour plus de vidéos : http://bit.ly/NovaPlanetYouTube
Tous nos Lives @ Nova ici : http://bit.ly/1ch7fu7

Radio Nova fête son anniversaire avec un cadeau pour tous ses aficionados: un album de 128 pages qui raconte 25 ans d'histoires, et un DV",32,1
1017133,https://www.youtube.com/watch?v=u75LcKX5Bu0,Saï Saï et Puppa Leslie @ Nova (DVD Teaser 25 ans),"Radio Nova fête son anniversaire avec un cadeau pour tous ses aficionados: un album de 128 pages qui raconte 25 ans d'histoires, et un DVD de 3h30 pour s'enfoncer dans le groove avec le film Nova, où l'on retrouve tous ceux qui ont jalonné ces 25 années d",52,1
1017133,https://www.youtube.com/watch?v=zMfXFLZUJ6E,Adonis - No Way Back,"1986
Adonis - No Way Back
At a young age Adonis gifted us with this influential and ground shaking release. Simple but so very affective. There is something about the bassline on this track that somehow keeps it current over all these years. With the re e",302,1
1017133,https://www.youtube.com/watch?v=aL2tIAOa7dw,Adonis-No way back,"Classic house from 1986,Label-Trax Records,catalog#: TX112,format 12"" vinyl US 1986 Produced and written by Adonis",299,1
1017133,https://www.youtube.com/watch?v=ppwdANVXbZw,Adonis No Way Back,"Classic house on Trax records from 1986
Love it!!!!",299,1
1017133,https://www.youtube.com/watch?v=M-UQG56qFNk,"Adonis, No Way Back - 1986","Follow Us On Instagram: http://bit.ly/InstagramVibesof88
Twitter: http://bit.ly/vibesof88ontwitter
Facebook: http://bit.ly/vibesof88onfb 

https://www.discogs.com/artist/2684-Adonis

Genre: Electronic
Style: House",298,1
1017133,https://www.youtube.com/watch?v=Xvj1q_L_3iw,ADONIS - No Way Back (I've Lost Control),Description,299,1
1017133,https://www.youtube.com/watch?v=cZj9oQ-5aaY,Adonis - No Way Back,Classic House 1988,297,1
1017133,https://www.youtube.com/watch?v=tCv_ySDDSNI,No Way Back,"Provided to YouTube by TuneCore

No Way Back · Adonis

No Way Back

℗ 2018 Adonis Recordings

Released on: 2018-08-24

Auto-generated by YouTube.",296,1
1017133,https://www.youtube.com/watch?v=XguWA1JGlQ8,Adonis - No Way Back (Official Music Video),"Adonis Recordings IG: 
https://www.instagram.com/adonis_recordings
Directed by: JP Bonino
https://instagram.com/jp._.bonino
Buy: https://adonis303.bandcamp.com/track/no-way-back-feat-gary-b
www.adonisrecordings.com",321,1
1019169,https://www.youtube.com/watch?v=zm3gmHDpNgk,Ericke – Boogie Down (Igor Valente Nu Funk Dub),"Label: Tiger Records
Country: Germany 🇩🇪 
Release: 2007

Nu Funk is what describes well this remix from Igor Valente. And put that with Boogie and you have it 😂 
I like that we can find that kind of tracks on EDM releases !
Of course it stays cheesy but..",313,1
1019169,https://www.youtube.com/watch?v=OlwVB5QiK-Y,Erick E - Boogie down,i like this song very much!,533,1
1019169,https://www.youtube.com/watch?v=zm3gmHDpNgk,Ericke – Boogie Down (Igor Valente Nu Funk Dub),"Label: Tiger Records
Country: Germany 🇩🇪 
Release: 2007

Nu Funk is what describes well this remix from Igor Valente. And put that with Boogie and you have it 😂 
I like that we can find that kind of tracks on EDM releases !
Of course it stays cheesy but..",313,1
1019169,https://www.youtube.com/watch?v=M8IG0nAI1aM,Erick E - Boogie Down (Original Mix),"Follow us on Twitter: http://twitter.com/spinninrecords
Join us on Spinnin' Facebook: http://facebook.com/spinninrecords

Subscribe to our House playlists on Spotify: http://spoti.fi/SpinninHouse
Join us on G+ : http://gplus.to/spinninrecords

Released on",443,1
1019169,https://www.youtube.com/watch?v=IzX4XIYMlHQ,ErickE - Boogie Down (Radio Edit),"Subscribe to Spinnin' TV : http://bit.ly/Subscribe2YT
Spotify: http://bit.ly/SpinninSpotify
G+ : https://www.google.com/+spinninrecords
Facebook: http://facebook.com/SpinninRecords
Twitter: http://twitter.com/SpinninRecords

http://youtube.com/spinninTV p",170,1
1019169,https://www.youtube.com/watch?v=zm3gmHDpNgk,Ericke – Boogie Down (Igor Valente Nu Funk Dub),"Label: Tiger Records
Country: Germany 🇩🇪 
Release: 2007

Nu Funk is what describes well this remix from Igor Valente. And put that with Boogie and you have it 😂 
I like that we can find that kind of tracks on EDM releases !
Of course it stays cheesy but..",313,1
1019169,https://www.youtube.com/watch?v=A9rJQj-YJD0,Erick E - Boogie Down,Erick E - Boogie Down,295,1
1019169,https://www.youtube.com/watch?v=yM9oqjMXVGc,ErickE - Boogie Down (Fedde Le Grand Mix),"Follow us on Twitter: http://twitter.com/spinninrecords
Join us on Spinnin' Facebook: http://facebook.com/spinninrecords
Join us on G+ : http://gplus.to/spinninrecords
 
Subscribe to our Electro House playlists on http://spoti.fi/http://spoti.fi/SpinninEl",369,1
1019169,https://www.youtube.com/watch?v=ABh2Y20Yeho,Erick E - Boogie Down,,318,1
1019169,https://www.youtube.com/watch?v=5P4I7ksQT0c,Erick E - Boogie Down (Original Mix) [2007],"Join us on Spinnin' Facebook: http://facebook.com/spinninrecords
Follow us on Twitter: http://twitter.com/spinninrecords

Join us on G+ : http://gplus.to/spinninrecords
---

The Spinnin’ Records YouTube channel is the home for all music videos of the worl",440,1
1019169,https://www.youtube.com/watch?v=gPpDuAWLqM0,ERICKE - Boogie Down (DJ Delicious Remix),"Subscribe to Spinnin' TV : http://bit.ly/Subscribe2YT
Spotify: http://bit.ly/SpinninSpotify
G+ : https://www.google.com/+spinninrecords
Facebook: http://facebook.com/SpinninRecords
Twitter: http://twitter.com/SpinninRecords

http://youtube.com/spinninTV p",402,1
1019169,https://www.youtube.com/watch?v=C9UTexbLk-g,Erick E - Boogie Down (original mix),erick e - boogie down,245,1
1019169,https://www.youtube.com/watch?v=ph5qDmk-OYI,Erick E - Boogie Down [Stefan Vilijn Remix] (Coming Soon),"Erick E - Boogie Down (Stefan Vilijn Remix) will be available September 7th!

Stay up to date on more Spinnin' artists & music here! ► https://spinninrecords.com
---

The Spinnin’ Records YouTube channel is the home for all music videos of the world’s lea",100,1
1019169,https://www.youtube.com/watch?v=4a3y9I2VB-Y,Erick E - Boogie Down (Stefan Vilijn 2015 Remix),"Erick E - Boogie Down (Stefan Vilijn 2015 Remix) is OUT NOW! Grab your copy on Beatport HERE: http://btprt.dj/1g57ptH

Stay up to date on more Spinnin' artists & music here! ► https://spinninrecords.com

Classic house taken on a wild ride as Erick E’s Boo",305,1
1019169,https://www.youtube.com/watch?v=OlwVB5QiK-Y,Erick E - Boogie down,i like this song very much!,533,1
1019169,https://www.youtube.com/watch?v=MUpge3_0Jn4,Erick E - Boogie Down 2007 (DJ Delicious Remix),Erick E - Boogie Down 2007 (DJ Delicious Remix),269,1
1019169,https://www.youtube.com/watch?v=PblcU5jX3jY,♬ Erick E - Boogie Down 2007 (Fedde Le Grand Remix) ♬,"Information:

- Artist: Erick E

- Song: Boogie Down 2007

- Remix: Fedde Le Grand Remix

- Genre: ElectroHouse

- Time: 6:03

- Year: May 2008

- Download: http://www.4shared.com/audio/Jvw8p_dZ/Erick_E_-_Boogie_Down_2007_Fed.htm",367,1
1019169,https://www.youtube.com/watch?v=3ES9a9tPviU,Erick E  Ft  Gina J - Boogie Down,,164,1
1019169,https://www.youtube.com/watch?v=Sh7vsqImcyg,Erick E   Boogie Down Stefan Vilijn Remix Coming Soon,"Every day it`s Noiseeeeeeeeee!

Twitter_ https://twitter.com/OreooSnickers
Instagram_ https://instagram.com/oreoosnickers/
Facebook_ https://www.facebook.com/tiagoaoki.silva.1
Soundcloud - https://soundcloud.com/infected-in-the-noise-recordings",106,1
1019169,https://www.youtube.com/watch?v=5gqrp8MSyqg,Erick E - Boogie Down Stefan Vilijn 2015 Remix Audio Descargar Gratis,Link de descarga: http://adf.ly/1Nv5w7,306,1
1019169,https://www.youtube.com/watch?v=TEnVPg66Q58,Erick E - Boogie Down (PoC Baseball Edit),As if house music has anything to do with baseball!!,0,1
1019169,https://www.youtube.com/watch?v=LC_pz1AjpRI,Erick-E - Boogie Down (Music Video ),Erick-E - Boogie Down (Music Video ),427,1
1019169,https://www.youtube.com/watch?v=y1IhL-iD5PQ,Erick-E - Boogie Down (Fedde Le Grand Remix) Video,Erick-E - Boogie Down (Fedde Le Grand Remix) Video,427,1
1021298,https://www.youtube.com/watch?v=2nWN6jPYd2Q,Felix Houzer - Siddharta [PPE004],"Listen every upload first at: https://www.instagram.com/nuggets_1990/

It's time to unveil the final Platform Planet Earth release by Mr. Felix himself. One half of the Project Blues Brothers

Discogs: https: https://www.discogs.com/release/1021298-Fe",370,1
102185,https://www.youtube.com/watch?v=brg0CteDbPI,NAPALM RAVE VOL. I [FULL ALBUM 147:56 MIN] 1995 HD HQ HIGH QUALITY,"TRACKLIST CD 1
01 80 Aum - Trauma 00:00
02 Dooms Day Machine - Psychotic 04:34
03 Bass Inc. -  Who The Fuck Are You ? 08:48
04 Motion I - House On Fire 13:37
05 Joey Tonad - Horny Rhythm 18:28
06 S.T.O.R.E. - Fat Motherfucker 23:02
07 Virtual Industries -",8877,1
102185,https://www.youtube.com/watch?v=brg0CteDbPI,NAPALM RAVE VOL. I [FULL ALBUM 147:56 MIN] 1995 HD HQ HIGH QUALITY,"TRACKLIST CD 1
01 80 Aum - Trauma 00:00
02 Dooms Day Machine - Psychotic 04:34
03 Bass Inc. -  Who The Fuck Are You ? 08:48
04 Motion I - House On Fire 13:37
05 Joey Tonad - Horny Rhythm 18:28
06 S.T.O.R.E. - Fat Motherfucker 23:02
07 Virtual Industries -",8877,1
102252,https://www.youtube.com/watch?v=X6JXB9IvWSs,The Art Of Trance – Octopus (Capricorn Remix) Platipus records 1995,"Retro DJ Mixes and full CDs on my other channel  @Hypermix-tn4lm  

The Art of Trance
Octopus (Capricorn Remix)
Platipus
PLAT 17
1995

Hypermix does not own the rights to this content. My goal is to promote the music that I loved. If any of the legal owne",393,1
102252,https://www.youtube.com/watch?v=2LQ2DNd2xoA,Humate - 3.2,"Label: Superstition  
Catalog#: Superstition 2031-2  
Format: CD, Maxi-Single
Country: Germany 
Released: 22 Jan 1995 
Genre: Electronic  
Style: Trance
Credits: Written-By, Produced-By - Gerret Frerichs",610,1
102252,https://www.youtube.com/watch?v=8wTBhlwVu-4,X-Connection - Funky Drive,"Egyszer régen, egy messzi-messzi bulin...",525,1
102252,https://www.youtube.com/watch?v=9_x-CHqnxBs,Dj Randy - Deception,"Dj Randy - Deception
Prolekult
Kult 17
1997",435,1
102252,https://www.youtube.com/watch?v=FtWsW6P8_Uk,History Of Trance Vol 3,Massive Overdose - 'Dimenuendo(Extended Mix)' (Oscillator Records),300,1
102252,https://www.youtube.com/watch?v=knyBBKUtnnU,Wicked Wipe - Rok Da House (Baby Doc Remix) (Acid Techno 1996),"http://www.discogs.com/Wicked-Wipe-Rok-Da-House/release/37531

-uploaded in HD at http://www.TunesToTube.com",370,1
102252,https://www.youtube.com/watch?v=JO2o6AKfjg4,Zargo - Snapshot,"Audio only, Radio Cut, HR3 Clubnight, Sven Väth",315,1
102252,https://www.youtube.com/watch?v=TdDyh8h00sU,"Robert Miles-""Children"" (Exclusive Mix)","...from the ""TRANCE 04"" Collection (Kickin Records,2000)",453,1
102252,https://www.youtube.com/watch?v=10wNAebJCYk,Taucher and Koma - Happiness,"one of the best tracks in trance music ever made!!!!!
just perfect melody and vocals,which remind me my youth!!!!!
Taucher and Koma back to 1993!!!!!
a classic masterpiece for electronic music!!!!!

let the old people remember and the young learn...",484,1
102252,https://www.youtube.com/watch?v=yRWNXyneUOI,Lo Tec - Spacebar (1995),http://www.discogs.com/Lo-Tec-Spacebar/release/149395,510,1
102252,https://www.youtube.com/watch?v=BpcKLRYKunE,Biosphere - Novelty Waves,"My impression what i thought when i saw the Octal Industries - Automatik (Northern Lights Mix) video: http://www.youtube.com/watch?v=KvueQj_Cv-g&feature=related
A perfect matching with Biosphere - Novelty Waves!",343,1
102252,https://www.youtube.com/watch?v=7kdV_8jogH8,Tata Box Inhibitors - Plasmids,"Tata Box Inhibitors - Plasmids
Label:Touché
Catalog#:TOU 9404
Format:Vinyl, 12""

Country:Netherlands
Released:1994
Genre:Electronic 
Style:House, Acid",519,1
102252,https://www.youtube.com/watch?v=0lE2LIslyDU,Anthony Acid - Hahaha,Special Version + Video!!  ;-),481,1
102252,https://www.youtube.com/watch?v=4nKinXgRbKU,Sven van Hees - Tabla Rasa,(2000) (1995),430,1
102252,https://www.youtube.com/watch?v=X6JXB9IvWSs,The Art Of Trance – Octopus (Capricorn Remix) Platipus records 1995,"Retro DJ Mixes and full CDs on my other channel  @Hypermix-tn4lm  

The Art of Trance
Octopus (Capricorn Remix)
Platipus
PLAT 17
1995

Hypermix does not own the rights to this content. My goal is to promote the music that I loved. If any of the legal owne",393,1
102252,https://www.youtube.com/watch?v=2LQ2DNd2xoA,Humate - 3.2,"Label: Superstition  
Catalog#: Superstition 2031-2  
Format: CD, Maxi-Single
Country: Germany 
Released: 22 Jan 1995 
Genre: Electronic  
Style: Trance
Credits: Written-By, Produced-By - Gerret Frerichs",610,1
102252,https://www.youtube.com/watch?v=8wTBhlwVu-4,X-Connection - Funky Drive,"Egyszer régen, egy messzi-messzi bulin...",525,1
102252,https://www.youtube.com/watch?v=9_x-CHqnxBs,Dj Randy - Deception,"Dj Randy - Deception
Prolekult
Kult 17
1997",435,1
102252,https://www.youtube.com/watch?v=FtWsW6P8_Uk,History Of Trance Vol 3,Massive Overdose - 'Dimenuendo(Extended Mix)' (Oscillator Records),300,1
102252,https://www.youtube.com/watch?v=knyBBKUtnnU,Wicked Wipe - Rok Da House (Baby Doc Remix) (Acid Techno 1996),"http://www.discogs.com/Wicked-Wipe-Rok-Da-House/release/37531

-uploaded in HD at http://www.TunesToTube.com",370,1
102252,https://www.youtube.com/watch?v=JO2o6AKfjg4,Zargo - Snapshot,"Audio only, Radio Cut, HR3 Clubnight, Sven Väth",315,1
102252,https://www.youtube.com/watch?v=TdDyh8h00sU,"Robert Miles-""Children"" (Exclusive Mix)","...from the ""TRANCE 04"" Collection (Kickin Records,2000)",453,1
102252,https://www.youtube.com/watch?v=10wNAebJCYk,Taucher and Koma - Happiness,"one of the best tracks in trance music ever made!!!!!
just perfect melody and vocals,which remind me my youth!!!!!
Taucher and Koma back to 1993!!!!!
a classic masterpiece for electronic music!!!!!

let the old people remember and the young learn...",484,1
102252,https://www.youtube.com/watch?v=yRWNXyneUOI,Lo Tec - Spacebar (1995),http://www.discogs.com/Lo-Tec-Spacebar/release/149395,510,1
102252,https://www.youtube.com/watch?v=BpcKLRYKunE,Biosphere - Novelty Waves,"My impression what i thought when i saw the Octal Industries - Automatik (Northern Lights Mix) video: http://www.youtube.com/watch?v=KvueQj_Cv-g&feature=related
A perfect matching with Biosphere - Novelty Waves!",343,1
102252,https://www.youtube.com/watch?v=7kdV_8jogH8,Tata Box Inhibitors - Plasmids,"Tata Box Inhibitors - Plasmids
Label:Touché
Catalog#:TOU 9404
Format:Vinyl, 12""

Country:Netherlands
Released:1994
Genre:Electronic 
Style:House, Acid",519,1
102252,https://www.youtube.com/watch?v=0lE2LIslyDU,Anthony Acid - Hahaha,Special Version + Video!!  ;-),481,1
102252,https://www.youtube.com/watch?v=4nKinXgRbKU,Sven van Hees - Tabla Rasa,(2000) (1995),430,1
102252,https://www.youtube.com/watch?v=hFla3q2oGu8,Emmanuel Top   ''Lobotomie'',"Original 2xCd Compilation
Fairway Record – 032 134
France 1996",0,1
102252,https://www.youtube.com/watch?v=UCLK22IIh_c,Tyoussi   ''Shofou'' (Jaïa Remix),"Original 2xCd Compilation
Fairway Record – 032 134
France 1996",366,1
102252,https://www.youtube.com/watch?v=uqRpgSPg424,Night On Earth   ''Surf De Neige'',"Original 2xCd Compilation
Fairway Record – 032 134
France 1996",497,1
102252,https://www.youtube.com/watch?v=NH_5XjR_EDQ,Anthony Acid   ''Ha Ha'',"Original 2xCd Compilation
Fairway Record – 032 134
France 1996",463,1
102252,https://www.youtube.com/watch?v=Uc2Mm-xGrn4,Sterac   ''Asphyx'',"Original 2xCd Compilation
Fairway Record – 032 134
France 1996",592,1
102252,https://www.youtube.com/watch?v=eGy0S9Ynk-U,Jaïa   ''Jaïa'',"Original 2xCd Compilation
Fairway Record – 032 134
France 1996",403,1
102252,https://www.youtube.com/watch?v=dBlkC0Exmyg,Art Of Trance   ''Octopus'' (Capricorn Remix),"Original 2xCd Compilation
Fairway Record – 032 134
France 1996",360,1
102252,https://www.youtube.com/watch?v=eBh7ev0iJVU,Massive Overdose   ''Dimenuendo'',"Original 2xCd Compilation
Fairway Record – 032 134
France 1996",306,1
102252,https://www.youtube.com/watch?v=21F-5KzkpO0,X Connection   ''Funky Drive'',"Original 2xCd Compilation
Fairway Record – 032 134
France 1996",508,1
102252,https://www.youtube.com/watch?v=3LC5jHNa_1Q,Wicked Wipe   ''Rok Da House'' (Baby Doc Remix),"Original 2xCd Compilation
Fairway Record – 032 134
France 1996",367,1
102252,https://www.youtube.com/watch?v=R1Ddd2tU-T0,Huamte   ''3.2'',"Original 2xCd Compilation
Fairway Record – 032 134
France 1996",0,1
102252,https://www.youtube.com/watch?v=GF060PM2KpA,Sven Van Hees   ''Tabla Rasa'',"Original 2xCd Compilation
Fairway Record – 032 134
France 1996",412,1
102252,https://www.youtube.com/watch?v=7MEMrfZP8KQ,Lo Tec   ''Spacebar'',"Original 2xCd Compilation
Fairway Record – 032 134
France 1996",336,1
102252,https://www.youtube.com/watch?v=Rd84RP1tI9c,Acid Jesus   ''Move My Body'' (Live Mix),"Original 2xCd Compilation
Fairway Record – 032 134
France 1996",446,1
102252,https://www.youtube.com/watch?v=-AaHjmZwBUs,Vita Men   ''Seaplain'',"Original 2xCd Compilation
Fairway Record – 032 134
France 1996",577,1
102252,https://www.youtube.com/watch?v=QWUfHoE7__8,Zargo   ''Snapshot'',"Original 2xCd Compilation
Fairway Record – 032 134
France 1996",352,1
102252,https://www.youtube.com/watch?v=nwqA_d_HxGs,Biosphere   ''Novelly Waves'',"Original 2xCd Compilation
Fairway Record – 032 134
France 1996",315,1
102252,https://www.youtube.com/watch?v=_MvcYzMl0yc,DJ Randi   ''Deception'',"Original 2xCd Compilation
Fairway Record – 032 134
France 1996",349,1
10233162,https://www.youtube.com/watch?v=zsMPHW-fDME,Nu Era - Changing Form,"BUY IT!
Bandcamp : 
https://nu-era.bandcamp.com/album/nouveau-synthetic-compositions

LISTEN MORE!
Nu Era : 
https://soundcloud.com/marc-mac

The channel uploaded this track without own any rights. Our intention are to promote & support the work of artist",324,1
10233162,https://www.youtube.com/watch?v=KpJ8unLWL58,Nu Era - Beta Waves,"BUY IT!
Bandcamp : 
https://nu-era.bandcamp.com/album/nouveau-synthetic-compositions

LISTEN MORE!
Nu Era : 
https://soundcloud.com/marc-mac

The channel uploaded this track without own any rights. Our intention are to promote & support the work of artist",245,1
10233162,https://www.youtube.com/watch?v=SvMqO37MZYo,Nu Era - Oscar Styles,"Marc Mac spinning 3-4.30am at La Bellevilloise, Paris on New Years Eve.
artist: Nu Era
track: Oscar Styles

taken from the Nouveau Synthetic Compositions album available on bandcamp: http://omniverse-records.bandcamp.com/album/nouveau-synthetic-compositio",216,1
10233162,https://www.youtube.com/watch?v=kYmvPCCO91I,Finding Time,"Provided to YouTube by KudosRecords

Finding Time · Nu Era

Nouveau Synthetic Compositions

℗ Omniverse Records

Released on: 2014-10-27

Main Artist: Nu Era
Composer: M. Clair
Music Publisher: Clair Ways Music
Music Publisher: Westbury Music LTD

Auto",238,1
10233162,https://www.youtube.com/watch?v=ZOL9lKJy2wU,Nu Era - Nu Romantic Soul,"BUY IT!
Bandcamp : 
https://nu-era.bandcamp.com/album/nouveau-synthetic-compositions

LISTEN MORE!
Nu Era : 
https://soundcloud.com/marc-mac

The channel uploaded this track without own any rights. Our intention are to promote & support the work of artist",362,1
10233162,https://www.youtube.com/watch?v=Zlx-I3yAjW8,Helix Patters,"Provided to YouTube by KudosRecords

Helix Patters · Nu Era

Nouveau Synthetic Compositions

℗ Omniverse Records

Released on: 2014-10-27

Main Artist: Nu Era
Composer: M. Clair
Music Publisher: Clair Ways Music
Music Publisher: Westbury Music LTD

Aut",261,1
10233162,https://www.youtube.com/watch?v=LvrSilWSVgM,Nu Era - Kaleidoscope,"BUY IT!
Bandcamp : 
https://nu-era.bandcamp.com/album/nouveau-synthetic-compositions

LISTEN MORE!
Nu Era : 
https://soundcloud.com/marc-mac

The channel uploaded this track without own any rights. Our intention are to promote & support the work of artist",383,1
10233162,https://www.youtube.com/watch?v=xUmyZEatAKQ,Cosmelians,"Provided to YouTube by KudosRecords

Cosmelians · Nu Era

Nouveau Synthetic Compositions

℗ Omniverse Records

Released on: 2014-10-27

Main Artist: Nu Era
Composer: M. Clair
Music Publisher: Clair Ways Music
Music Publisher: Westbury Music LTD

Auto-g",309,1
1026849,https://www.youtube.com/watch?v=TDdsjduZdUs,Atlantis,"Provided to YouTube by Virtual Label LLC

Atlantis · Sun Ra

Atlantis

℗ 2014 Enterplanetary Koncepts

Released on: 2014-04-01

Producer: Irwin Chusid
Producer: Michael D. Anderson
Composer: Sun Ra
Music Publisher: Enterplanetary Koncepts BMI

Auto-genera",0,1
1026849,https://www.youtube.com/watch?v=ggCADL2AOTE,Lemuria,"Provided to YouTube by Virtual Label LLC

Lemuria · Sun Ra

Atlantis

℗ 2014 Enterplanetary Koncepts

Released on: 2014-04-01

Producer: Irwin Chusid
Producer: Michael D. Anderson
Composer: Sun Ra
Music Publisher: Enterplanetary Koncepts BMI

Auto-generat",300,1
1026849,https://www.youtube.com/watch?v=TDdsjduZdUs,Atlantis,"Provided to YouTube by Virtual Label LLC

Atlantis · Sun Ra

Atlantis

℗ 2014 Enterplanetary Koncepts

Released on: 2014-04-01

Producer: Irwin Chusid
Producer: Michael D. Anderson
Composer: Sun Ra
Music Publisher: Enterplanetary Koncepts BMI

Auto-genera",0,1
1026849,https://www.youtube.com/watch?v=ggCADL2AOTE,Lemuria,"Provided to YouTube by Virtual Label LLC

Lemuria · Sun Ra

Atlantis

℗ 2014 Enterplanetary Koncepts

Released on: 2014-04-01

Producer: Irwin Chusid
Producer: Michael D. Anderson
Composer: Sun Ra
Music Publisher: Enterplanetary Koncepts BMI

Auto-generat",300,1
1026849,https://www.youtube.com/watch?v=s53Q9Zf4dFs,Mu,"Provided to YouTube by Virtual Label LLC

Mu · Sun Ra

Atlantis

℗ 2014 Enterplanetary Koncepts

Released on: 2014-04-01

Producer: Irwin Chusid
Producer: Michael D. Anderson
Composer: Sun Ra
Music Publisher: Enterplanetary Koncepts BMI

Auto-generated by",269,1
1026849,https://www.youtube.com/watch?v=ggCADL2AOTE,Lemuria,"Provided to YouTube by Virtual Label LLC

Lemuria · Sun Ra

Atlantis

℗ 2014 Enterplanetary Koncepts

Released on: 2014-04-01

Producer: Irwin Chusid
Producer: Michael D. Anderson
Composer: Sun Ra
Music Publisher: Enterplanetary Koncepts BMI

Auto-generat",300,1
1026849,https://www.youtube.com/watch?v=YzgbN9DwhG8,Bimini,"Provided to YouTube by Virtual Label LLC

Bimini · Sun Ra

Atlantis

℗ 2014 Enterplanetary Koncepts

Released on: 2014-04-01

Producer: Irwin Chusid
Producer: Michael D. Anderson
Composer: Sun Ra
Music Publisher: Enterplanetary Koncepts BMI

Auto-generate",461,1
1026849,https://www.youtube.com/watch?v=cvLSk6mOce4,Yucatan I,"Provided to YouTube by Virtual Label LLC

Yucatan I · Sun Ra

Atlantis

℗ 2014 Enterplanetary Koncepts

Released on: 2014-04-01

Producer: Irwin Chusid
Producer: Michael D. Anderson
Composer: Sun Ra
Music Publisher: Enterplanetary Koncepts BMI

Auto-gener",318,1
1026849,https://www.youtube.com/watch?v=TDdsjduZdUs,Atlantis,"Provided to YouTube by Virtual Label LLC

Atlantis · Sun Ra

Atlantis

℗ 2014 Enterplanetary Koncepts

Released on: 2014-04-01

Producer: Irwin Chusid
Producer: Michael D. Anderson
Composer: Sun Ra
Music Publisher: Enterplanetary Koncepts BMI

Auto-genera",0,1
1026849,https://www.youtube.com/watch?v=x5dIkFmafx4,Sun Ra - Atlantis (1969) Full Album,"Support the artist: https://sunramusic.bandcamp.com/album/atlantis

Tracklist:
01. Mu 0:00
02. Lemuria 4:36
03. Yucatan 9:44
04. Bimini 15:16
05. Atlantis 21:07",2583,1
10269061,https://www.youtube.com/watch?v=Ie1lOUrwS7g,Visa – Gorby Or Not Gorby,"Label: Ariola
Country: France 🇫🇷
Release: 1990

So tell me, Gorby or not Gorby ? 

Double streak on 90's weirderies, this time you have Disco and Rock&Roll joining forces. For a Gorbatchev ref ? 
Hope you enjoy the ride ! 
Thanks and congrats to everyone ",393,1
10269061,https://www.youtube.com/watch?v=Ie1lOUrwS7g,Visa – Gorby Or Not Gorby,"Label: Ariola
Country: France 🇫🇷
Release: 1990

So tell me, Gorby or not Gorby ? 

Double streak on 90's weirderies, this time you have Disco and Rock&Roll joining forces. For a Gorbatchev ref ? 
Hope you enjoy the ride ! 
Thanks and congrats to everyone ",393,1
103032,https://www.youtube.com/watch?v=1DppQi9Ukq8,Daydreemer ‎- A1. Rock Me Ba Ba - Rock Me Ba Ba EP,"If you are the owner of this recording, please email me at “formdatayt@gmail.com” before sending a copyright claim and I will have the video removed.

https://www.discogs.com/Daydreemer-Rock-Me-Ba-Ba-EP/release/103032 

https://www.instagram.com/for",526,1
103032,https://www.youtube.com/watch?v=gH7BQb4Dw5w,Daydreemer-Rock Me Ba Ba E.Pwlmp,"Confusion Records Promo,,,Early nineties release",396,1
103032,https://www.youtube.com/watch?v=xHX_QDgKmYM,Daydreemer - Lover Number Six,"https://www.discogs.com/release/1518609-Daydreemer-Rock-Me-Ba-Ba-EP

https://soundcloud.com/schlechte",511,1
103032,https://www.youtube.com/watch?v=Q5iQezz8_fI,Daydreemer - Believe,"Confusion Records ‎– CON 38

1994





Notice on copyright issues: email plastiphil@gmail.com if you perceive your work's copyrights violated. Video(s) will be removed immediately. No profits intended. Just trying to make hidden music hearable on the ",431,1
10343749,https://www.youtube.com/watch?v=swGuUUYad0s,Pat Metheny - Are You Going With Me (Kerri Chandler Remix),[Large Music - 2001],486,1
10343749,https://www.youtube.com/watch?v=am0ic77_duU,Kerri Chandler - Time is destiny,"Kerri Chandler - Digitalsoul (Session Three)
Label:
Large Records
Catalog#:
LAR-063
Format:
2 x Vinyl, 12"", 33 ⅓ RPM
Country:
US
Released:
2001
Genre:
Electronic
Style:
Deep House
Tracklist
A     Are You Going With Me   
     Keyboards - Kerri Chandler
  ",443,1
10343749,https://www.youtube.com/watch?v=6J_kHmFSXJs,Kerri Chandler - Midnight City Blues,,425,1
10343749,https://www.youtube.com/watch?v=sR56tqcq8mY,Kerri Chandler - Who Is It You Love?,Track from Large Records,469,1
10343749,https://www.youtube.com/watch?v=F2_d-4-I0uE,Digital Brazil,"Provided to YouTube by Large Music LLC

Digital Brazil · Kerri Chandler

Rhythm Lounge 1

℗ Large Music LLC

Released on: 2002-04-12

Artist: Kerri Chandler

Auto-generated by YouTube.",369,1
10343749,https://www.youtube.com/watch?v=wh623PqWzpo,Kerri Chandler - It all comes back to you,"Label: Large Records 
Country: US 🇺🇸 
Release: 2001

Happy to have a Kerri Chandler on the channel ! 
Beautifull & melancholic autotune ballad. 
Funny that It's Shazam who helped me find the ref on this promo version that I found at A1 Paris. 
Hope you en",481,1
10343749,https://www.youtube.com/watch?v=MZY7MM9JHoQ,Kerri Chandler - Time Is Destiny 🔥 Digitalsoul Session Three 3 Pioneer DJ #deephouse #housemusic,"#soulfulhouse #housemusic #dancemusic #deephouse #afrohouse

Kerri Chandler - Digitalsoul Session Three / Time Is Destiny (Large Records)

Videos that make you feel like you're listening to a record🎧🎧🎧
Enjoy the song until the end without DJ mixing. There",436,1
10343749,https://www.youtube.com/watch?v=N6jX48-zY0c,Digital Brazil,"Provided to YouTube by IIP-DDS

Digital Brazil · Kerri Chandler

Rhythm Lounge 1

℗ Large Music LLC

Released on: 2002-04-12

Music Publisher: Groovy Native Music

Auto-generated by YouTube.",369,1
10343749,https://www.youtube.com/watch?v=-_74dtBqAnE,Deep House [Kerri Chandler - Digital Brazil (Original Mix)] | ♫ RE ♫,"Rhythmic Excursions Facebook Page:  https://www.facebook.com/RhythmicExcursions?ref=hl

Playlist:  DANCING PARADISE [General] - VOL. 3 

NOTE TO MUSICIANS/ARTISTS: In this FAN-MADE video, all copyright info is in the video and listed below.  Website links",370,1
10343749,https://www.youtube.com/watch?v=DzlKPDLVX9k,Kerri Chandler-Are you going with me.wmv,Balearic- house,0,1
10343749,https://www.youtube.com/watch?v=swGuUUYad0s,Pat Metheny - Are You Going With Me (Kerri Chandler Remix),[Large Music - 2001],486,1
10343749,https://www.youtube.com/watch?v=am0ic77_duU,Kerri Chandler - Time is destiny,"Kerri Chandler - Digitalsoul (Session Three)
Label:
Large Records
Catalog#:
LAR-063
Format:
2 x Vinyl, 12"", 33 ⅓ RPM
Country:
US
Released:
2001
Genre:
Electronic
Style:
Deep House
Tracklist
A     Are You Going With Me   
     Keyboards - Kerri Chandler
  ",443,1
10343749,https://www.youtube.com/watch?v=iHyDvjOAtPo,Time Is Destiny,"Provided to YouTube by Large Music LLC

Time Is Destiny · Kerri Chandler

Get Large Miami 2010

℗ Large Music LLC

Released on: 2010-03-09

Artist: Kerri Chandler

Auto-generated by YouTube.",443,1
10343749,https://www.youtube.com/watch?v=JMfQQjrMZVw,Kerri Chandler - Time Is Destiny,Subscribe for more electronic bangers :),435,1
10343749,https://www.youtube.com/watch?v=zn7eIxxV_uw,Kerri Chandler - Time Is Destiny [Large Music],"Photo - by @owjourney (Instagram), https://www.instagram.com/owjourney/
No Copyright intended, PLEASE (if you are the owner) contact me at bootlegcotton@yahoo.com and I will remove the video ASAP",443,1
10343749,https://www.youtube.com/watch?v=6J_kHmFSXJs,Kerri Chandler - Midnight City Blues,,425,1
10343749,https://www.youtube.com/watch?v=Q1uo-Syg2Z0,Midnite City Blues,"Provided to YouTube by Believe SAS

Midnite City Blues · Kerri Chandler · Kerri Chandler · Kerri Chandler

House Session 3 - Large Music

℗ Large Music

Released on: 2009-11-30

Auto-generated by YouTube.",381,1
10343749,https://www.youtube.com/watch?v=sR56tqcq8mY,Kerri Chandler - Who Is It You Love?,Track from Large Records,469,1
10343749,https://www.youtube.com/watch?v=8t7g-XOHLzs,Who Is It U Love,"Provided to YouTube by Large Music LLC

Who Is It U Love · Kerri Chandler

Rhythm Lounge 1

℗ Large Music LLC

Released on: 2002-04-12

Artist: Kerri Chandler

Auto-generated by YouTube.",464,1
10343749,https://www.youtube.com/watch?v=bTyLTXN3AGo,Kerri Chandler - Who Is It U Love,,463,1
10343749,https://www.youtube.com/watch?v=F2_d-4-I0uE,Digital Brazil,"Provided to YouTube by Large Music LLC

Digital Brazil · Kerri Chandler

Rhythm Lounge 1

℗ Large Music LLC

Released on: 2002-04-12

Artist: Kerri Chandler

Auto-generated by YouTube.",369,1
10343749,https://www.youtube.com/watch?v=-_74dtBqAnE,Deep House [Kerri Chandler - Digital Brazil (Original Mix)] | ♫ RE ♫,"Rhythmic Excursions Facebook Page:  https://www.facebook.com/RhythmicExcursions?ref=hl

Playlist:  DANCING PARADISE [General] - VOL. 3 

NOTE TO MUSICIANS/ARTISTS: In this FAN-MADE video, all copyright info is in the video and listed below.  Website links",370,1
10343749,https://www.youtube.com/watch?v=3hSlyLEdmqA,[HQ]Old School / Kerri Chandler - Digital Brazil,"Kerri Chandler - Digital Brazil
Menno Minkes for the finest electronic music!!!
Subscribe!!!",371,1
10343749,https://www.youtube.com/watch?v=wh623PqWzpo,Kerri Chandler - It all comes back to you,"Label: Large Records 
Country: US 🇺🇸 
Release: 2001

Happy to have a Kerri Chandler on the channel ! 
Beautifull & melancholic autotune ballad. 
Funny that It's Shazam who helped me find the ref on this promo version that I found at A1 Paris. 
Hope you en",481,1
10357353,https://www.youtube.com/watch?v=AUKp02VIt5M,Disscode - I Need A Man (Disscode's Nu Nrg Remix) #Revibed,"💎 Full HQ release available on Revibed: https://bit.ly/4btej86
➡️ Join today the first-ever online music store of rare digital reissues: https://bit.ly/revibed_

_______________________

Follow Revibed

🟣 Instagram: https://www.instagram.com/revibed.music",322,1
10357353,https://www.youtube.com/watch?v=6j8kstftrbk,Disscode ‎– I Need A Man,"Disscode – I Need A Man
Label: Wizz Records – WIZZ 20
Released: 1995

Tracklist

A1  I Need A Man (Original Mix)
A2  I Need A Man (Disscode's Nu Nrg Remix)
B1  I Need A Man (Hard 2 Dance Wizz'ard Remix)
B2  Get It On - Featuring – Dr. Magic",0,1
10357353,https://www.youtube.com/watch?v=HLZxTO-UiOI,Disscode - I Need A Man (Hard 2 Dance Wizz'ard Remix) [WIZZ20],"Discogs: https://www.discogs.com/release/10357353-Disscode-I-Need-A-Man

Artist: Disscode
Track: I Need A Man (Hard 2 Dance Wizz'ard Remix)
EP Title: I Need A Man
Label: Wizz Records
Catalog #: WIZZ20
Genre: Progressive House, House
Year: 1995

",425,1
10357353,https://www.youtube.com/watch?v=6j8kstftrbk,Disscode ‎– I Need A Man,"Disscode – I Need A Man
Label: Wizz Records – WIZZ 20
Released: 1995

Tracklist

A1  I Need A Man (Original Mix)
A2  I Need A Man (Disscode's Nu Nrg Remix)
B1  I Need A Man (Hard 2 Dance Wizz'ard Remix)
B2  Get It On - Featuring – Dr. Magic",0,1
10357353,https://www.youtube.com/watch?v=HLZxTO-UiOI,Disscode - I Need A Man (Hard 2 Dance Wizz'ard Remix) [WIZZ20],"Discogs: https://www.discogs.com/release/10357353-Disscode-I-Need-A-Man

Artist: Disscode
Track: I Need A Man (Hard 2 Dance Wizz'ard Remix)
EP Title: I Need A Man
Label: Wizz Records
Catalog #: WIZZ20
Genre: Progressive House, House
Year: 1995

",425,1
10357353,https://www.youtube.com/watch?v=AUKp02VIt5M,Disscode - I Need A Man (Disscode's Nu Nrg Remix) #Revibed,"💎 Full HQ release available on Revibed: https://bit.ly/4btej86
➡️ Join today the first-ever online music store of rare digital reissues: https://bit.ly/revibed_

_______________________

Follow Revibed

🟣 Instagram: https://www.instagram.com/revibed.music",322,1
10357353,https://www.youtube.com/watch?v=6j8kstftrbk,Disscode ‎– I Need A Man,"Disscode – I Need A Man
Label: Wizz Records – WIZZ 20
Released: 1995

Tracklist

A1  I Need A Man (Original Mix)
A2  I Need A Man (Disscode's Nu Nrg Remix)
B1  I Need A Man (Hard 2 Dance Wizz'ard Remix)
B2  Get It On - Featuring – Dr. Magic",0,1
10357353,https://www.youtube.com/watch?v=HLZxTO-UiOI,Disscode - I Need A Man (Hard 2 Dance Wizz'ard Remix) [WIZZ20],"Discogs: https://www.discogs.com/release/10357353-Disscode-I-Need-A-Man

Artist: Disscode
Track: I Need A Man (Hard 2 Dance Wizz'ard Remix)
EP Title: I Need A Man
Label: Wizz Records
Catalog #: WIZZ20
Genre: Progressive House, House
Year: 1995

",425,1
10396452,https://www.youtube.com/watch?v=68VdzyD29aQ,𝐍𝐢𝐚𝐯𝐚𝐬𝐡𝐚 - 𝐌𝐊𝐒 𝟗𝟑 (𝟏𝟗𝟗𝟑),"Niavasha - MKS 93 (1993)

Album: The Medicine EP
Sello: Not On Label – NIA 001
Formato: Vinilo, 12"", EP
País: UK
Publicado: 17 may 1993
Género: Electronic
Estilo: Progressive House

            
Buy it and support the label and artist !!
https://www.disco",477,1
10396452,https://www.youtube.com/watch?v=68VdzyD29aQ,𝐍𝐢𝐚𝐯𝐚𝐬𝐡𝐚 - 𝐌𝐊𝐒 𝟗𝟑 (𝟏𝟗𝟗𝟑),"Niavasha - MKS 93 

Album: The Medicine EP
Sello: Not On Label – NIA 001
Formato: Vinilo, 12"", EP
País: UK
Publicado: 17 may 1993
Género: Electronic
Estilo: Progressive House

🎁 *¿𝐓𝐞 𝐠𝐮𝐬𝐭𝐚 𝐦𝐢 𝐜𝐚𝐧𝐚𝐥? 𝐃𝐚𝐦𝐞 𝐮𝐧 𝐒𝐔𝐏𝐄𝐑 𝐆𝐑𝐀𝐂𝐈𝐀𝐒 𝐩𝐚𝐫𝐚 𝐪𝐮𝐞 𝐬𝐢𝐠𝐚 𝐬𝐮𝐛𝐢𝐞𝐧𝐝𝐨 𝐜𝐨𝐧𝐭𝐞𝐧𝐢𝐝𝐨.
",477,1
10396452,https://www.youtube.com/watch?v=n9jkZjLCrBU,A1 - Niavasha - Medicinal High,,440,1
10396452,https://www.youtube.com/watch?v=68VdzyD29aQ,𝐍𝐢𝐚𝐯𝐚𝐬𝐡𝐚 - 𝐌𝐊𝐒 𝟗𝟑 (𝟏𝟗𝟗𝟑),"Niavasha - MKS 93 (1993)

Album: The Medicine EP
Sello: Not On Label – NIA 001
Formato: Vinilo, 12"", EP
País: UK
Publicado: 17 may 1993
Género: Electronic
Estilo: Progressive House

            
Buy it and support the label and artist !!
https://www.disco",477,1
1040908,https://www.youtube.com/watch?v=nTOQQPskGM8,Breakin' the Rules,"Provided to YouTube by Sony Music Entertainment

Breakin' the Rules · M.O.P.

First Family 4 Life

℗ 1998 Columbia Records, a division of Sony Music Entertainment

Producer: DJ Premier
Composer, Lyricist: J. Grinnage
Composer, Lyricist: E. Murry
Compos",253,1
1040908,https://www.youtube.com/watch?v=vPWwHDoYFRI,M.O.P. - First Family 4 Life [full lp],,3889,1
1040908,https://www.youtube.com/watch?v=be84A_AvFjs,M.O.P. - Breakin' The Rules [HQ Sound] Prod. By. DJ Premier,"Off of M.O.P.'s 1998 ""First Family 4 Life"" album",252,1
1040908,https://www.youtube.com/watch?v=oC2saDdcscA,M.O.P Ft Heather B. - My Kinda Nigga II,"SHIT ASSS VIDEO JUST LISTEN, DO SOMETHING ELSE WHILE YOUR LISTENING GREAT SONG!!!




very underated mcs. Old banger from m.o.p,mop,m.o.p.,MOP,Mop aka the mash out posse. Unreleased banger, hot track from the album first family 4 life. lil fame, bill",247,1
1040908,https://www.youtube.com/watch?v=zV29Dl08AYc,M.O.P. Feat. Gang Starr - Salute Part II (Produced by DJ Premier),"the 9th track off ""First Family 4 Life"", featuring Gang Starr

Lyrics:

Yeah, they talkin about rap.""
""We don't rap, its not about rap we livin it what they talkin about.
It's not about college or what you read in a newspaper or magazine. Its
hear ",258,1
1040908,https://www.youtube.com/watch?v=CkHZxYFMIgg,M.O.P - Handle Ur Bizness,M.O.P - Handle Ur Bizness,257,1
1040908,https://www.youtube.com/watch?v=c85EjwcaQZI,Handle Ur Bizness (Premier Remix),"Provided to YouTube by Relativity Records

Handle Ur Bizness (Premier Remix) · M.O.P.

First Family 4 Life

℗ 1998 Columbia Records, a division of Sony Music Entertainment

Released on: 1998-08-03

Producer: DJ Premier
Composer, Lyricist: Jamal Grinnage
C",255,1
1040908,https://www.youtube.com/watch?v=bbry62JaUQ8,Handle Ur Bizness,"Provided to YouTube by Label Engine

Handle Ur Bizness · M.O.P.

Handle Ur Bizness

℗ On The Low

Released on: 1998-01-10

Author: Mash Out Posse

Auto-generated by YouTube.",264,1
1043582,https://www.youtube.com/watch?v=bUvQEasAato,"Groove Junkies Feat Solomon Henderson    -    "" inside My Soul""","Groove Junkies 
Real Name: Evan Landes & Parrish Wintersmith 
Profile: Groove Junkies are L.A. based duo, Evan Landes and Parrish Wintersmith. Influenced by soul, funk, R&B, rock, jazz, gospel, and latin rhythms, Groove Junkies play, produce, and write ",365,1
1043582,https://www.youtube.com/watch?v=y4RzatCPAKw,Afterdark - los angeles,,357,1
1043582,https://www.youtube.com/watch?v=h1OdlW23dK8,Afterdark Los Angeles: CPEN - Crimson Strides (Classic Mix),"Name of Compilation: AFTERDARK Los Angeles
Number of Discs: 2
Published: June 27, 2006
Label: Kinkysweet
Could be found at: Amazon.com (best Choice), or discogs.com
Listen to the Compilation: allmusic.com",389,1
1043582,https://www.youtube.com/watch?v=kbHJzSykcMw,(VA) Afterdark - Los Angeles - Lefunken Feat. Stephanie Renee - Knowing (Main Mix),"Name of Compilation: AFTERDARK Los Angeles
Number of Discs: 2
Published: June 27, 2006
Label: Kinkysweet
Could be found at: Amazon.com (best Choice), or discogs.com
Listen to the Compilation: allmusic.com",368,1
1043582,https://www.youtube.com/watch?v=lPBaRsKJAZ0,(VA) Afterdark - Los Angeles - Jamie Thinnes & Lance DeSardi - Wake You Up (Kona Dub),"Name of Compilation: AFTERDARK Los Angeles
Number of Discs: 2
Published: June 27, 2006
Label: Kinkysweet
Could be found at: Amazon.com (best Choice), or discogs.com
Listen to the Compilation: allmusic.com",217,1
1043582,https://www.youtube.com/watch?v=oB1j74kNSOU,(VA) Afterdark - Los Angeles - Untitled Orchestra - It's Never Forever,"Name of Compilation: AFTERDARK Los Angeles
Number of Discs: 2
Published: June 27, 2006
Label: Kinkysweet
Could be found at: Amazon.com (best Choice), or discogs.com
Listen to the Compilation: allmusic.com",391,1
1043582,https://www.youtube.com/watch?v=cPhBAACFVKI,(VA) Afterdark - Los Angeles - 2nd Shift Feat. Anthony Pearson - It's Been A Long Time,"Name of Compilation: AFTERDARK Los Angeles
Number of Discs: 2
Published: June 27, 2006
Label: Kinkysweet
Could be found at: Amazon.com (best Choice), or discogs.com
Listen to the Compilation: allmusic.com",279,1
1043582,https://www.youtube.com/watch?v=kRRyY2yhcqk,(VA) Afterdark - Los Angeles - Groove Junkies - Midnight (GJ's Media Noche Mix),"Name of Compilation: AFTERDARK Los Angeles
Number of Discs: 2
Published: June 27, 2006
Label: Kinkysweet
Could be found at: Amazon.com (best Choice), or discogs.com
Listen to the Compilation: allmusic.com",320,1
1043582,https://www.youtube.com/watch?v=ZcR47wl3azA,(VA) Afterdark - Los Angeles - Groove Junkies Feat. Solara & Raya Beam - Deeper (Brian Tappert Mix),"Name of Compilation: AFTERDARK Los Angeles
Number of Discs: 2
Published: June 27, 2006
Label: Kinkysweet
Could be found at: Amazon.com (best Choice), or discogs.com
Listen to the Compilation: allmusic.com",396,1
1043582,https://www.youtube.com/watch?v=eYSZ27niRs4,(VA) Afterdark - Los Angeles - Groove Junkies Pres. Indeya - Oh Lord (GJ's Classic Vox),"Name of Compilation: AFTERDARK Los Angeles
Number of Discs: 2
Published: June 27, 2006
Label: Kinkysweet
Could be found at: Amazon.com (best Choice), or discogs.com
Listen to the Compilation: allmusic.com",335,1
1043582,https://www.youtube.com/watch?v=diUt0NwWZEE,(VA) Afterdark - Los Angeles - Franck Roger - N.J. Track,"Name of Compilation: AFTERDARK Los Angeles
Number of Discs: 2
Published: June 27, 2006
Label: Kinkysweet
Could be found at: Amazon.com (best Choice), or discogs.com
Listen to the Compilation: allmusic.com",247,1
1043582,https://www.youtube.com/watch?v=EEOnKLsLsTc,(VA) Afterdark - Los Angeles - Franck Roger - We Walk To Dance,"Name of Compilation: AFTERDARK Los Angeles
Number of Discs: 2
Published: June 27, 2006
Label: Kinkysweet
Could be found at: Amazon.com (best Choice), or discogs.com
Listen to the Compilation: allmusic.com",280,1
1043582,https://www.youtube.com/watch?v=DxvpnZEswnE,(VA) Afterdark - Los Angeles - Groove Junkies ft. Solara - Sunshine (Sol Brillante) (GJ's Nueva Mix),"Name of Compilation: AFTERDARK Los Angeles
Number of Discs: 2
Published: June 27, 2006
Label: Kinkysweet
Could be found at: Amazon.com (best Choice), or discogs.com
Listen to the Compilation: allmusic.com",444,1
1044111,https://www.youtube.com/watch?v=hIAlLJmAdlU,"Nick & Danny Chatelain, Meets Bias - Love Lies(Original Mix)","List Track!: http://www.beatport.com/artist/nick-and-danny-chatelain/10932

http://www.chatelain.es/

Serie Flash en Youtube!: https://www.youtube.com/user/xtremehardmedia

Video realizado por: http://www.xtremehardmedia.com/",434,1
1044111,https://www.youtube.com/watch?v=XtG9cDI7hGE,Nick & Danny Chatelain – Love Lies (Alex Wolfenden Bagnasty Remix),"Label: Carioca Records
Country: UK 🇬🇧
Release: 2006

A bit of Deep Tech won't hurt.
I will use this opportunity to ravive a big debate between what's deep tech. 
And for me this track is 100% deep tech.
Hope you enjoy the ride ! 
Thanks and congrats to ev",445,1
1044111,https://www.youtube.com/watch?v=E5A8ziEIrqM,Love Lies,"Provided to YouTube by dig dis! c/o Music Mail Tonträger GmbH

Love Lies · Nick & Danny Chatelain · Bias

Love Lies

℗ Goanche

Released on: 2012-11-15

Artist: Bias
Artist: Nick & Danny Chatelain

Auto-generated by YouTube.",435,1
1044111,https://www.youtube.com/watch?v=nx4h6d3yCGU,Love Lies (Dub Mix),"Provided to YouTube by dig dis! c/o Music Mail Tonträger GmbH

Love Lies (Dub Mix) · Nick & Danny Chatelain · Bias

Love Lies

℗ Goanche

Released on: 2012-11-15

Artist: Bias
Artist: Nick & Danny Chatelain

Auto-generated by YouTube.",351,1
1044111,https://www.youtube.com/watch?v=hIAlLJmAdlU,"Nick & Danny Chatelain, Meets Bias - Love Lies(Original Mix)","List Track!: http://www.beatport.com/artist/nick-and-danny-chatelain/10932

http://www.chatelain.es/

Serie Flash en Youtube!: https://www.youtube.com/user/xtremehardmedia

Video realizado por: http://www.xtremehardmedia.com/",434,1
1044111,https://www.youtube.com/watch?v=XtG9cDI7hGE,Nick & Danny Chatelain – Love Lies (Alex Wolfenden Bagnasty Remix),"Label: Carioca Records
Country: UK 🇬🇧
Release: 2006

A bit of Deep Tech won't hurt.
I will use this opportunity to ravive a big debate between what's deep tech. 
And for me this track is 100% deep tech.
Hope you enjoy the ride ! 
Thanks and congrats to ev",445,1
10444779,https://www.youtube.com/watch?v=bTwcW05gUGI,Fabriclive 01 - James Lavelle (2001) Full Mix Album,"Fabriclive 01 - James Lavelle (2001) Full album
Genres : Tech House, Electronic, Breakbeat 

Playlist : 

1 - Intro: A Message to Our Sponsors
2 - Rare Earth - Get Ready
3 - Psychonauts - Circles
4 - DJ Shadow - Organ Donor
5 - Divine Styler & DJ Shadow -",4185,1
10444779,https://www.youtube.com/watch?v=TGNpe66xjtM,Pete Lazonby – Sacred Cycles Medway Dub Mix Trance 2000,"More retro trance music, this time a classic from 2000, but looks like it was only finally released digitially in 2013

Pete Lazonby
Sacred Cycles
Medway Dub Mix
Primal
PRI039
2013 (2000)

Listen to 'I love trance' https://youtu.be/bCrvLdana18
Or this ant",0,1
10460477,https://www.youtube.com/watch?v=JhioDefXALk,Up And Down - On Down Down (Iperacido) [TKN 014],"Discogs: https://www.discogs.com/release/409851-Up-And-Down-On-Down-Down

Artist: Up And Down
Track: On Down Down (Iperacido)
EP Title: On Down Down
Label: TKN Productions
Catalog #: TKN 014
Genre: Techno
Year: 1993

Just here to share our passi",245,1
